<TICKER>,<PER>,<DATE>,<TIME>,<OPEN>,<HIGH>,<LOW>,<CLOSE>,<VOL>
RIZ8 [SPBFUT],5,20180821,161000,106410.000000,106430.000000,106290.000000,106310.000000,1908.000000
RIZ8 [SPBFUT],5,20180821,161500,106300.000000,106370.000000,106280.000000,106370.000000,1083.000000
RIZ8 [SPBFUT],5,20180821,162000,106380.000000,106470.000000,106360.000000,106430.000000,1380.000000
RIZ8 [SPBFUT],5,20180821,162500,106430.000000,106490.000000,106380.000000,106460.000000,1464.000000
RIZ8 [SPBFUT],5,20180821,163000,106460.000000,106680.000000,106460.000000,106660.000000,5594.000000
RIZ8 [SPBFUT],5,20180821,163500,106660.000000,106840.000000,106640.000000,106760.000000,5154.000000
RIZ8 [SPBFUT],5,20180821,164000,106760.000000,106930.000000,106760.000000,106900.000000,3873.000000
RIZ8 [SPBFUT],5,20180821,164500,106890.000000,106950.000000,106630.000000,106770.000000,5116.000000
RIZ8 [SPBFUT],5,20180821,165000,106760.000000,106850.000000,106700.000000,106720.000000,3566.000000
RIZ8 [SPBFUT],5,20180821,165500,106730.000000,106740.000000,106630.000000,106740.000000,2729.000000
RIZ8 [SPBFUT],5,20180821,170000,106740.000000,106750.000000,106570.000000,106600.000000,3333.000000
RIZ8 [SPBFUT],5,20180821,170500,106620.000000,106670.000000,106580.000000,106650.000000,1455.000000
RIZ8 [SPBFUT],5,20180821,171000,106650.000000,106770.000000,106590.000000,106740.000000,2153.000000
RIZ8 [SPBFUT],5,20180821,171500,106760.000000,106890.000000,106740.000000,106890.000000,3130.000000
RIZ8 [SPBFUT],5,20180821,172000,106870.000000,107070.000000,106830.000000,107050.000000,3847.000000
RIZ8 [SPBFUT],5,20180821,172500,107050.000000,107100.000000,106940.000000,107030.000000,4081.000000
RIZ8 [SPBFUT],5,20180821,173000,107030.000000,107150.000000,106980.000000,107100.000000,3094.000000
RIZ8 [SPBFUT],5,20180821,173500,107100.000000,107140.000000,106810.000000,106950.000000,4585.000000
RIZ8 [SPBFUT],5,20180821,174000,106950.000000,107010.000000,106790.000000,106860.000000,3297.000000
RIZ8 [SPBFUT],5,20180821,174500,106850.000000,106890.000000,106680.000000,106760.000000,3098.000000
RIZ8 [SPBFUT],5,20180821,175000,106750.000000,106840.000000,106640.000000,106840.000000,2442.000000
RIZ8 [SPBFUT],5,20180821,175500,106840.000000,106950.000000,106830.000000,106930.000000,1696.000000
RIZ8 [SPBFUT],5,20180821,180000,106930.000000,107040.000000,106830.000000,106870.000000,2997.000000
RIZ8 [SPBFUT],5,20180821,180500,106870.000000,106920.000000,106710.000000,106790.000000,2083.000000
RIZ8 [SPBFUT],5,20180821,181000,106790.000000,106920.000000,106780.000000,106850.000000,1264.000000
RIZ8 [SPBFUT],5,20180821,181500,106860.000000,106890.000000,106810.000000,106830.000000,1163.000000
RIZ8 [SPBFUT],5,20180821,182000,106840.000000,106890.000000,106770.000000,106880.000000,928.000000
RIZ8 [SPBFUT],5,20180821,182500,106870.000000,107000.000000,106870.000000,106920.000000,1835.000000
RIZ8 [SPBFUT],5,20180821,183000,106940.000000,107240.000000,106930.000000,107190.000000,6771.000000
RIZ8 [SPBFUT],5,20180821,183500,107190.000000,107330.000000,107180.000000,107260.000000,3818.000000
RIZ8 [SPBFUT],5,20180821,184000,107280.000000,107470.000000,107230.000000,107400.000000,3774.000000
RIZ8 [SPBFUT],5,20180821,190000,107480.000000,107830.000000,107320.000000,107770.000000,7138.000000
RIZ8 [SPBFUT],5,20180821,190500,107780.000000,107950.000000,107770.000000,107780.000000,4376.000000
RIZ8 [SPBFUT],5,20180821,191000,107780.000000,107830.000000,107620.000000,107630.000000,2843.000000
RIZ8 [SPBFUT],5,20180821,191500,107640.000000,107700.000000,107620.000000,107700.000000,1432.000000
RIZ8 [SPBFUT],5,20180821,192000,107700.000000,107710.000000,107620.000000,107630.000000,752.000000
RIZ8 [SPBFUT],5,20180821,192500,107630.000000,107710.000000,107630.000000,107690.000000,1029.000000
RIZ8 [SPBFUT],5,20180821,193000,107680.000000,107700.000000,107590.000000,107680.000000,1494.000000
RIZ8 [SPBFUT],5,20180821,193500,107680.000000,107750.000000,107560.000000,107600.000000,1374.000000
RIZ8 [SPBFUT],5,20180821,194000,107600.000000,107600.000000,107530.000000,107550.000000,710.000000
RIZ8 [SPBFUT],5,20180821,194500,107540.000000,107580.000000,107530.000000,107570.000000,646.000000
RIZ8 [SPBFUT],5,20180821,195000,107570.000000,107700.000000,107530.000000,107630.000000,941.000000
RIZ8 [SPBFUT],5,20180821,195500,107630.000000,107810.000000,107610.000000,107780.000000,1723.000000
RIZ8 [SPBFUT],5,20180821,200000,107780.000000,107940.000000,107760.000000,107860.000000,1759.000000
RIZ8 [SPBFUT],5,20180821,200500,107860.000000,107880.000000,107730.000000,107790.000000,1531.000000
RIZ8 [SPBFUT],5,20180821,201000,107800.000000,107830.000000,107740.000000,107790.000000,963.000000
RIZ8 [SPBFUT],5,20180821,201500,107800.000000,107830.000000,107760.000000,107760.000000,372.000000
RIZ8 [SPBFUT],5,20180821,202000,107760.000000,107900.000000,107740.000000,107860.000000,725.000000
RIZ8 [SPBFUT],5,20180821,202500,107860.000000,107900.000000,107790.000000,107850.000000,671.000000
RIZ8 [SPBFUT],5,20180821,203000,107860.000000,107890.000000,107800.000000,107810.000000,486.000000
RIZ8 [SPBFUT],5,20180821,203500,107800.000000,107860.000000,107730.000000,107840.000000,1240.000000
RIZ8 [SPBFUT],5,20180821,204000,107860.000000,108180.000000,107850.000000,108120.000000,5242.000000
RIZ8 [SPBFUT],5,20180821,204500,108120.000000,108160.000000,108030.000000,108090.000000,958.000000
RIZ8 [SPBFUT],5,20180821,205000,108100.000000,108100.000000,107980.000000,108020.000000,1190.000000
RIZ8 [SPBFUT],5,20180821,205500,108020.000000,108080.000000,107980.000000,108050.000000,631.000000
RIZ8 [SPBFUT],5,20180821,210000,108060.000000,108070.000000,107940.000000,107970.000000,773.000000
RIZ8 [SPBFUT],5,20180821,210500,107970.000000,108030.000000,107950.000000,108000.000000,558.000000
RIZ8 [SPBFUT],5,20180821,211000,108010.000000,108060.000000,107930.000000,108030.000000,606.000000
RIZ8 [SPBFUT],5,20180821,211500,108030.000000,108090.000000,108000.000000,108070.000000,451.000000
RIZ8 [SPBFUT],5,20180821,212000,108070.000000,108090.000000,107970.000000,107970.000000,598.000000
RIZ8 [SPBFUT],5,20180821,212500,107990.000000,108000.000000,107900.000000,107900.000000,748.000000
RIZ8 [SPBFUT],5,20180821,213000,107910.000000,107930.000000,107750.000000,107810.000000,2176.000000
RIZ8 [SPBFUT],5,20180821,213500,107810.000000,107810.000000,107740.000000,107790.000000,346.000000
RIZ8 [SPBFUT],5,20180821,214000,107780.000000,107930.000000,107780.000000,107850.000000,819.000000
RIZ8 [SPBFUT],5,20180821,214500,107840.000000,107850.000000,107710.000000,107730.000000,808.000000
RIZ8 [SPBFUT],5,20180821,215000,107730.000000,107770.000000,107700.000000,107730.000000,843.000000
RIZ8 [SPBFUT],5,20180821,215500,107740.000000,107750.000000,107670.000000,107670.000000,650.000000
RIZ8 [SPBFUT],5,20180821,220000,107670.000000,107730.000000,107620.000000,107650.000000,980.000000
RIZ8 [SPBFUT],5,20180821,220500,107670.000000,107720.000000,107640.000000,107650.000000,585.000000
RIZ8 [SPBFUT],5,20180821,221000,107640.000000,107790.000000,107640.000000,107700.000000,708.000000
RIZ8 [SPBFUT],5,20180821,221500,107690.000000,107690.000000,107620.000000,107670.000000,389.000000
RIZ8 [SPBFUT],5,20180821,222000,107670.000000,107730.000000,107640.000000,107700.000000,276.000000
RIZ8 [SPBFUT],5,20180821,222500,107690.000000,107790.000000,107670.000000,107700.000000,487.000000
RIZ8 [SPBFUT],5,20180821,223000,107690.000000,107740.000000,107650.000000,107690.000000,246.000000
RIZ8 [SPBFUT],5,20180821,223500,107690.000000,107740.000000,107690.000000,107730.000000,122.000000
RIZ8 [SPBFUT],5,20180821,224000,107720.000000,107720.000000,107600.000000,107690.000000,763.000000
RIZ8 [SPBFUT],5,20180821,224500,107670.000000,107720.000000,107610.000000,107680.000000,404.000000
RIZ8 [SPBFUT],5,20180821,225000,107680.000000,107780.000000,107660.000000,107760.000000,490.000000
RIZ8 [SPBFUT],5,20180821,225500,107770.000000,107860.000000,107720.000000,107720.000000,1002.000000
RIZ8 [SPBFUT],5,20180821,230000,107710.000000,107720.000000,107640.000000,107650.000000,510.000000
RIZ8 [SPBFUT],5,20180821,230500,107660.000000,107670.000000,107630.000000,107660.000000,261.000000
RIZ8 [SPBFUT],5,20180821,231000,107660.000000,107660.000000,107610.000000,107620.000000,258.000000
RIZ8 [SPBFUT],5,20180821,231500,107640.000000,107650.000000,107610.000000,107650.000000,264.000000
RIZ8 [SPBFUT],5,20180821,232000,107650.000000,107660.000000,107620.000000,107630.000000,168.000000
RIZ8 [SPBFUT],5,20180821,232500,107650.000000,107660.000000,107620.000000,107650.000000,407.000000
RIZ8 [SPBFUT],5,20180821,233000,107650.000000,107710.000000,107610.000000,107650.000000,916.000000
RIZ8 [SPBFUT],5,20180821,233500,107640.000000,107730.000000,107640.000000,107700.000000,264.000000
RIZ8 [SPBFUT],5,20180821,234000,107710.000000,107800.000000,107670.000000,107800.000000,422.000000
RIZ8 [SPBFUT],5,20180821,234500,107780.000000,107910.000000,107750.000000,107870.000000,2089.000000
RIZ8 [SPBFUT],5,20180822,100000,107800.000000,107910.000000,107180.000000,107450.000000,12329.000000
RIZ8 [SPBFUT],5,20180822,100500,107440.000000,107520.000000,107240.000000,107290.000000,3408.000000
RIZ8 [SPBFUT],5,20180822,101000,107290.000000,107490.000000,107280.000000,107490.000000,2581.000000
RIZ8 [SPBFUT],5,20180822,101500,107470.000000,107600.000000,107220.000000,107240.000000,5200.000000
RIZ8 [SPBFUT],5,20180822,102000,107240.000000,107400.000000,107220.000000,107380.000000,2717.000000
RIZ8 [SPBFUT],5,20180822,102500,107370.000000,107380.000000,106970.000000,106980.000000,6391.000000
RIZ8 [SPBFUT],5,20180822,103000,106980.000000,106990.000000,106840.000000,106860.000000,5005.000000
RIZ8 [SPBFUT],5,20180822,103500,106860.000000,106970.000000,106770.000000,106970.000000,4710.000000
RIZ8 [SPBFUT],5,20180822,104000,106960.000000,107040.000000,106880.000000,107030.000000,2254.000000
RIZ8 [SPBFUT],5,20180822,104500,107030.000000,107100.000000,106850.000000,106980.000000,3737.000000
RIZ8 [SPBFUT],5,20180822,105000,106990.000000,107000.000000,106820.000000,106830.000000,2501.000000
RIZ8 [SPBFUT],5,20180822,105500,106830.000000,106990.000000,106830.000000,106980.000000,2243.000000
RIZ8 [SPBFUT],5,20180822,110000,106970.000000,107050.000000,106840.000000,106960.000000,2635.000000
RIZ8 [SPBFUT],5,20180822,110500,106960.000000,107300.000000,106960.000000,107200.000000,5067.000000
RIZ8 [SPBFUT],5,20180822,111000,107200.000000,107400.000000,107160.000000,107240.000000,3325.000000
RIZ8 [SPBFUT],5,20180822,111500,107240.000000,107300.000000,107160.000000,107260.000000,1655.000000
RIZ8 [SPBFUT],5,20180822,112000,107270.000000,107350.000000,107210.000000,107250.000000,1752.000000
RIZ8 [SPBFUT],5,20180822,112500,107250.000000,107290.000000,107080.000000,107080.000000,1762.000000
RIZ8 [SPBFUT],5,20180822,113000,107080.000000,107140.000000,106990.000000,107110.000000,1998.000000
RIZ8 [SPBFUT],5,20180822,113500,107120.000000,107280.000000,107110.000000,107280.000000,1976.000000
RIZ8 [SPBFUT],5,20180822,114000,107270.000000,107280.000000,107030.000000,107050.000000,1679.000000
RIZ8 [SPBFUT],5,20180822,114500,107070.000000,107140.000000,107010.000000,107080.000000,1033.000000
RIZ8 [SPBFUT],5,20180822,115000,107100.000000,107160.000000,107030.000000,107100.000000,837.000000
RIZ8 [SPBFUT],5,20180822,115500,107100.000000,107280.000000,107100.000000,107270.000000,2124.000000
RIZ8 [SPBFUT],5,20180822,120000,107260.000000,107270.000000,107060.000000,107180.000000,2616.000000
RIZ8 [SPBFUT],5,20180822,120500,107180.000000,107200.000000,107040.000000,107120.000000,1460.000000
RIZ8 [SPBFUT],5,20180822,121000,107110.000000,107340.000000,107100.000000,107220.000000,1984.000000
RIZ8 [SPBFUT],5,20180822,121500,107230.000000,107250.000000,107060.000000,107070.000000,2015.000000
RIZ8 [SPBFUT],5,20180822,122000,107070.000000,107070.000000,106820.000000,106910.000000,4820.000000
RIZ8 [SPBFUT],5,20180822,122500,106900.000000,106970.000000,106680.000000,106690.000000,5113.000000
RIZ8 [SPBFUT],5,20180822,123000,106690.000000,106850.000000,106680.000000,106830.000000,3382.000000
RIZ8 [SPBFUT],5,20180822,123500,106830.000000,107190.000000,106830.000000,107150.000000,5452.000000
RIZ8 [SPBFUT],5,20180822,124000,107150.000000,107150.000000,106900.000000,106910.000000,2721.000000
RIZ8 [SPBFUT],5,20180822,124500,106920.000000,106970.000000,106870.000000,106950.000000,1041.000000
RIZ8 [SPBFUT],5,20180822,125000,106940.000000,107080.000000,106920.000000,107080.000000,1089.000000
RIZ8 [SPBFUT],5,20180822,125500,107080.000000,107130.000000,106950.000000,107040.000000,1615.000000
RIZ8 [SPBFUT],5,20180822,130000,107030.000000,107030.000000,106860.000000,106980.000000,1591.000000
RIZ8 [SPBFUT],5,20180822,130500,106980.000000,107260.000000,106960.000000,107190.000000,3260.000000
RIZ8 [SPBFUT],5,20180822,131000,107180.000000,107250.000000,107140.000000,107140.000000,911.000000
RIZ8 [SPBFUT],5,20180822,131500,107150.000000,107240.000000,107120.000000,107220.000000,1325.000000
RIZ8 [SPBFUT],5,20180822,132000,107230.000000,107230.000000,107080.000000,107080.000000,948.000000
RIZ8 [SPBFUT],5,20180822,132500,107100.000000,107170.000000,107030.000000,107080.000000,982.000000
RIZ8 [SPBFUT],5,20180822,133000,107080.000000,107330.000000,107070.000000,107210.000000,2692.000000
RIZ8 [SPBFUT],5,20180822,133500,107230.000000,107280.000000,106900.000000,106910.000000,3617.000000
RIZ8 [SPBFUT],5,20180822,134000,106900.000000,107160.000000,106760.000000,107110.000000,5543.000000
RIZ8 [SPBFUT],5,20180822,134500,107110.000000,107160.000000,106950.000000,106960.000000,1592.000000
RIZ8 [SPBFUT],5,20180822,135000,106960.000000,107150.000000,106960.000000,107130.000000,1701.000000
RIZ8 [SPBFUT],5,20180822,135500,107130.000000,107220.000000,107110.000000,107140.000000,1230.000000
RIZ8 [SPBFUT],5,20180822,140500,107130.000000,107130.000000,106920.000000,106970.000000,1872.000000
RIZ8 [SPBFUT],5,20180822,141000,106950.000000,107020.000000,106810.000000,106850.000000,2542.000000
RIZ8 [SPBFUT],5,20180822,141500,106850.000000,106930.000000,106700.000000,106810.000000,4153.000000
RIZ8 [SPBFUT],5,20180822,142000,106810.000000,106880.000000,106730.000000,106880.000000,1759.000000
RIZ8 [SPBFUT],5,20180822,142500,106880.000000,106920.000000,106760.000000,106800.000000,2206.000000
RIZ8 [SPBFUT],5,20180822,143000,106810.000000,106850.000000,106560.000000,106700.000000,5426.000000
RIZ8 [SPBFUT],5,20180822,143500,106700.000000,106760.000000,106520.000000,106540.000000,2686.000000
RIZ8 [SPBFUT],5,20180822,144000,106540.000000,106570.000000,106050.000000,106110.000000,13086.000000
RIZ8 [SPBFUT],5,20180822,144500,106090.000000,106260.000000,106090.000000,106100.000000,3567.000000
RIZ8 [SPBFUT],5,20180822,145000,106110.000000,106110.000000,105910.000000,105950.000000,6475.000000
RIZ8 [SPBFUT],5,20180822,145500,105950.000000,106130.000000,105920.000000,105970.000000,3767.000000
RIZ8 [SPBFUT],5,20180822,150000,105980.000000,106070.000000,105840.000000,105880.000000,5290.000000
RIZ8 [SPBFUT],5,20180822,150500,105890.000000,106000.000000,105840.000000,105930.000000,3159.000000
RIZ8 [SPBFUT],5,20180822,151000,105960.000000,106120.000000,105900.000000,106100.000000,2396.000000
RIZ8 [SPBFUT],5,20180822,151500,106100.000000,106110.000000,105990.000000,106070.000000,2012.000000
RIZ8 [SPBFUT],5,20180822,152000,106080.000000,106180.000000,106040.000000,106170.000000,1677.000000
RIZ8 [SPBFUT],5,20180822,152500,106170.000000,106170.000000,106010.000000,106060.000000,1454.000000
RIZ8 [SPBFUT],5,20180822,153000,106060.000000,106130.000000,105990.000000,106120.000000,2129.000000
RIZ8 [SPBFUT],5,20180822,153500,106110.000000,106210.000000,106050.000000,106170.000000,1742.000000
RIZ8 [SPBFUT],5,20180822,154000,106160.000000,106180.000000,105760.000000,105820.000000,5249.000000
RIZ8 [SPBFUT],5,20180822,154500,105810.000000,105980.000000,105810.000000,105950.000000,1811.000000
RIZ8 [SPBFUT],5,20180822,155000,105940.000000,105950.000000,105670.000000,105690.000000,4057.000000
RIZ8 [SPBFUT],5,20180822,155500,105680.000000,105800.000000,105570.000000,105570.000000,4204.000000
RIZ8 [SPBFUT],5,20180822,160000,105570.000000,105880.000000,105530.000000,105820.000000,4416.000000
RIZ8 [SPBFUT],5,20180822,160500,105820.000000,105900.000000,105760.000000,105890.000000,1770.000000
RIZ8 [SPBFUT],5,20180822,161000,105870.000000,105890.000000,105750.000000,105780.000000,1835.000000
RIZ8 [SPBFUT],5,20180822,161500,105790.000000,105980.000000,105730.000000,105960.000000,2456.000000
RIZ8 [SPBFUT],5,20180822,162000,105960.000000,105990.000000,105870.000000,105980.000000,1409.000000
RIZ8 [SPBFUT],5,20180822,162500,105980.000000,106290.000000,105930.000000,106290.000000,3683.000000
RIZ8 [SPBFUT],5,20180822,163000,106280.000000,106460.000000,106240.000000,106270.000000,6885.000000
RIZ8 [SPBFUT],5,20180822,163500,106290.000000,106440.000000,106260.000000,106320.000000,2860.000000
RIZ8 [SPBFUT],5,20180822,164000,106320.000000,106380.000000,106160.000000,106190.000000,2996.000000
RIZ8 [SPBFUT],5,20180822,164500,106170.000000,106230.000000,106030.000000,106090.000000,4054.000000
RIZ8 [SPBFUT],5,20180822,165000,106070.000000,106250.000000,106020.000000,106190.000000,2504.000000
RIZ8 [SPBFUT],5,20180822,165500,106200.000000,106350.000000,106200.000000,106300.000000,2456.000000
RIZ8 [SPBFUT],5,20180822,170000,106310.000000,106400.000000,106210.000000,106250.000000,2454.000000
RIZ8 [SPBFUT],5,20180822,170500,106240.000000,106300.000000,106150.000000,106170.000000,1819.000000
RIZ8 [SPBFUT],5,20180822,171000,106170.000000,106290.000000,106130.000000,106190.000000,2125.000000
RIZ8 [SPBFUT],5,20180822,171500,106190.000000,106360.000000,106190.000000,106280.000000,2125.000000
RIZ8 [SPBFUT],5,20180822,172000,106290.000000,106390.000000,106240.000000,106270.000000,1689.000000
RIZ8 [SPBFUT],5,20180822,172500,106270.000000,106350.000000,106240.000000,106240.000000,1269.000000
RIZ8 [SPBFUT],5,20180822,173000,106240.000000,106400.000000,106080.000000,106170.000000,5120.000000
RIZ8 [SPBFUT],5,20180822,173500,106160.000000,106590.000000,106130.000000,106460.000000,6864.000000
RIZ8 [SPBFUT],5,20180822,174000,106460.000000,106770.000000,106360.000000,106730.000000,6951.000000
RIZ8 [SPBFUT],5,20180822,174500,106730.000000,106740.000000,106590.000000,106690.000000,3795.000000
RIZ8 [SPBFUT],5,20180822,175000,106690.000000,106740.000000,106600.000000,106670.000000,2090.000000
RIZ8 [SPBFUT],5,20180822,175500,106680.000000,106680.000000,106530.000000,106570.000000,2289.000000
RIZ8 [SPBFUT],5,20180822,180000,106570.000000,106730.000000,106420.000000,106470.000000,4308.000000
RIZ8 [SPBFUT],5,20180822,180500,106470.000000,106530.000000,106340.000000,106360.000000,2265.000000
RIZ8 [SPBFUT],5,20180822,181000,106350.000000,106490.000000,106270.000000,106430.000000,2604.000000
RIZ8 [SPBFUT],5,20180822,181500,106440.000000,106530.000000,106300.000000,106390.000000,2520.000000
RIZ8 [SPBFUT],5,20180822,182000,106390.000000,106420.000000,106340.000000,106390.000000,1329.000000
RIZ8 [SPBFUT],5,20180822,182500,106390.000000,106410.000000,106180.000000,106200.000000,2135.000000
RIZ8 [SPBFUT],5,20180822,183000,106210.000000,106370.000000,106190.000000,106360.000000,2358.000000
RIZ8 [SPBFUT],5,20180822,183500,106370.000000,106600.000000,106360.000000,106550.000000,3555.000000
RIZ8 [SPBFUT],5,20180822,184000,106560.000000,106570.000000,106450.000000,106450.000000,1653.000000
RIZ8 [SPBFUT],5,20180822,190000,106520.000000,106700.000000,106360.000000,106530.000000,2162.000000
RIZ8 [SPBFUT],5,20180822,190500,106510.000000,106540.000000,105840.000000,106110.000000,4928.000000
RIZ8 [SPBFUT],5,20180822,191000,106110.000000,106170.000000,105860.000000,105880.000000,4769.000000
RIZ8 [SPBFUT],5,20180822,191500,105900.000000,105960.000000,105760.000000,105840.000000,3349.000000
RIZ8 [SPBFUT],5,20180822,192000,105840.000000,105850.000000,105610.000000,105820.000000,4229.000000
RIZ8 [SPBFUT],5,20180822,192500,105830.000000,105860.000000,105620.000000,105640.000000,2913.000000
RIZ8 [SPBFUT],5,20180822,193000,105650.000000,105800.000000,105620.000000,105690.000000,2539.000000
RIZ8 [SPBFUT],5,20180822,193500,105680.000000,105710.000000,105050.000000,105270.000000,12364.000000
RIZ8 [SPBFUT],5,20180822,194000,105280.000000,105550.000000,105230.000000,105520.000000,3634.000000
RIZ8 [SPBFUT],5,20180822,194500,105510.000000,105680.000000,105400.000000,105400.000000,3215.000000
RIZ8 [SPBFUT],5,20180822,195000,105410.000000,105670.000000,105390.000000,105600.000000,3273.000000
RIZ8 [SPBFUT],5,20180822,195500,105580.000000,105650.000000,105500.000000,105640.000000,1099.000000
RIZ8 [SPBFUT],5,20180822,200000,105630.000000,105780.000000,105590.000000,105750.000000,3219.000000
RIZ8 [SPBFUT],5,20180822,200500,105740.000000,105760.000000,105610.000000,105690.000000,1738.000000
RIZ8 [SPBFUT],5,20180822,201000,105680.000000,105980.000000,105660.000000,105910.000000,2605.000000
RIZ8 [SPBFUT],5,20180822,201500,105920.000000,105970.000000,105830.000000,105870.000000,1402.000000
RIZ8 [SPBFUT],5,20180822,202000,105890.000000,105930.000000,105850.000000,105920.000000,936.000000
RIZ8 [SPBFUT],5,20180822,202500,105920.000000,105960.000000,105740.000000,105750.000000,1383.000000
RIZ8 [SPBFUT],5,20180822,203000,105750.000000,105830.000000,105670.000000,105800.000000,1403.000000
RIZ8 [SPBFUT],5,20180822,203500,105810.000000,105840.000000,105760.000000,105800.000000,465.000000
RIZ8 [SPBFUT],5,20180822,204000,105800.000000,105860.000000,105730.000000,105780.000000,576.000000
RIZ8 [SPBFUT],5,20180822,204500,105790.000000,105800.000000,105550.000000,105600.000000,1797.000000
RIZ8 [SPBFUT],5,20180822,205000,105580.000000,105640.000000,105530.000000,105560.000000,751.000000
RIZ8 [SPBFUT],5,20180822,205500,105580.000000,105730.000000,105570.000000,105720.000000,886.000000
RIZ8 [SPBFUT],5,20180822,210000,105720.000000,106140.000000,105630.000000,106050.000000,4656.000000
RIZ8 [SPBFUT],5,20180822,210500,106040.000000,106130.000000,105990.000000,106000.000000,1843.000000
RIZ8 [SPBFUT],5,20180822,211000,106000.000000,106080.000000,105950.000000,106050.000000,1498.000000
RIZ8 [SPBFUT],5,20180822,211500,106050.000000,106110.000000,105850.000000,105870.000000,1421.000000
RIZ8 [SPBFUT],5,20180822,212000,105870.000000,105930.000000,105760.000000,105820.000000,1221.000000
RIZ8 [SPBFUT],5,20180822,212500,105820.000000,105950.000000,105800.000000,105850.000000,1397.000000
RIZ8 [SPBFUT],5,20180822,213000,105850.000000,105910.000000,105840.000000,105850.000000,321.000000
RIZ8 [SPBFUT],5,20180822,213500,105850.000000,105880.000000,105770.000000,105790.000000,663.000000
RIZ8 [SPBFUT],5,20180822,214000,105800.000000,105870.000000,105770.000000,105870.000000,673.000000
RIZ8 [SPBFUT],5,20180822,214500,105870.000000,105920.000000,105780.000000,105790.000000,466.000000
RIZ8 [SPBFUT],5,20180822,215000,105790.000000,105890.000000,105780.000000,105840.000000,346.000000
RIZ8 [SPBFUT],5,20180822,215500,105840.000000,106100.000000,105820.000000,106030.000000,1151.000000
RIZ8 [SPBFUT],5,20180822,220000,106040.000000,106400.000000,106020.000000,106190.000000,4596.000000
RIZ8 [SPBFUT],5,20180822,220500,106180.000000,106250.000000,106140.000000,106200.000000,1265.000000
RIZ8 [SPBFUT],5,20180822,221000,106210.000000,106400.000000,106190.000000,106270.000000,1526.000000
RIZ8 [SPBFUT],5,20180822,221500,106270.000000,106420.000000,106270.000000,106370.000000,1277.000000
RIZ8 [SPBFUT],5,20180822,222000,106370.000000,106390.000000,106290.000000,106350.000000,763.000000
RIZ8 [SPBFUT],5,20180822,222500,106350.000000,106520.000000,106330.000000,106430.000000,1987.000000
RIZ8 [SPBFUT],5,20180822,223000,106430.000000,106490.000000,106430.000000,106480.000000,894.000000
RIZ8 [SPBFUT],5,20180822,223500,106480.000000,106520.000000,106320.000000,106350.000000,1687.000000
RIZ8 [SPBFUT],5,20180822,224000,106340.000000,106410.000000,106320.000000,106380.000000,817.000000
RIZ8 [SPBFUT],5,20180822,224500,106390.000000,106420.000000,106340.000000,106350.000000,472.000000
RIZ8 [SPBFUT],5,20180822,225000,106340.000000,106350.000000,106270.000000,106320.000000,629.000000
RIZ8 [SPBFUT],5,20180822,225500,106330.000000,106380.000000,106280.000000,106320.000000,623.000000
RIZ8 [SPBFUT],5,20180822,230000,106320.000000,106390.000000,106250.000000,106280.000000,689.000000
RIZ8 [SPBFUT],5,20180822,230500,106260.000000,106280.000000,106180.000000,106200.000000,415.000000
RIZ8 [SPBFUT],5,20180822,231000,106190.000000,106260.000000,106180.000000,106210.000000,466.000000
RIZ8 [SPBFUT],5,20180822,231500,106220.000000,106360.000000,106190.000000,106330.000000,668.000000
RIZ8 [SPBFUT],5,20180822,232000,106330.000000,106410.000000,106270.000000,106390.000000,932.000000
RIZ8 [SPBFUT],5,20180822,232500,106380.000000,106400.000000,106300.000000,106330.000000,433.000000
RIZ8 [SPBFUT],5,20180822,233000,106350.000000,106450.000000,106330.000000,106400.000000,655.000000
RIZ8 [SPBFUT],5,20180822,233500,106390.000000,106400.000000,106320.000000,106340.000000,210.000000
RIZ8 [SPBFUT],5,20180822,234000,106330.000000,106370.000000,106240.000000,106250.000000,693.000000
RIZ8 [SPBFUT],5,20180822,234500,106240.000000,106390.000000,106160.000000,106180.000000,1131.000000
RIZ8 [SPBFUT],5,20180823,100000,106160.000000,106460.000000,105550.000000,105780.000000,9405.000000
RIZ8 [SPBFUT],5,20180823,100500,105780.000000,105900.000000,105300.000000,105340.000000,6511.000000
RIZ8 [SPBFUT],5,20180823,101000,105360.000000,105440.000000,105010.000000,105370.000000,11960.000000
RIZ8 [SPBFUT],5,20180823,101500,105370.000000,105460.000000,105160.000000,105240.000000,6469.000000
RIZ8 [SPBFUT],5,20180823,102000,105240.000000,105690.000000,105230.000000,105600.000000,6369.000000
RIZ8 [SPBFUT],5,20180823,102500,105610.000000,105640.000000,105430.000000,105610.000000,4618.000000
RIZ8 [SPBFUT],5,20180823,103000,105610.000000,105660.000000,105460.000000,105510.000000,2640.000000
RIZ8 [SPBFUT],5,20180823,103500,105520.000000,105620.000000,105390.000000,105410.000000,2349.000000
RIZ8 [SPBFUT],5,20180823,104000,105420.000000,105600.000000,105370.000000,105570.000000,1966.000000
RIZ8 [SPBFUT],5,20180823,104500,105550.000000,105860.000000,105400.000000,105780.000000,4831.000000
RIZ8 [SPBFUT],5,20180823,105000,105780.000000,106080.000000,105740.000000,106080.000000,6271.000000
RIZ8 [SPBFUT],5,20180823,105500,106080.000000,106110.000000,105810.000000,105860.000000,3909.000000
RIZ8 [SPBFUT],5,20180823,110000,105870.000000,105900.000000,105640.000000,105700.000000,3786.000000
RIZ8 [SPBFUT],5,20180823,110500,105720.000000,105760.000000,105480.000000,105530.000000,3682.000000
RIZ8 [SPBFUT],5,20180823,111000,105520.000000,105560.000000,105200.000000,105340.000000,6282.000000
RIZ8 [SPBFUT],5,20180823,111500,105340.000000,105450.000000,105260.000000,105390.000000,3559.000000
RIZ8 [SPBFUT],5,20180823,112000,105380.000000,105470.000000,105360.000000,105440.000000,1265.000000
RIZ8 [SPBFUT],5,20180823,112500,105430.000000,105450.000000,105170.000000,105230.000000,2826.000000
RIZ8 [SPBFUT],5,20180823,113000,105210.000000,105370.000000,105190.000000,105290.000000,3764.000000
RIZ8 [SPBFUT],5,20180823,113500,105290.000000,105300.000000,104880.000000,105000.000000,8893.000000
RIZ8 [SPBFUT],5,20180823,114000,105010.000000,105180.000000,104930.000000,105140.000000,4616.000000
RIZ8 [SPBFUT],5,20180823,114500,105120.000000,105220.000000,104970.000000,105040.000000,4910.000000
RIZ8 [SPBFUT],5,20180823,115000,105050.000000,105170.000000,105030.000000,105110.000000,1256.000000
RIZ8 [SPBFUT],5,20180823,115500,105110.000000,105390.000000,105110.000000,105330.000000,3660.000000
RIZ8 [SPBFUT],5,20180823,120000,105340.000000,105530.000000,105250.000000,105290.000000,6790.000000
RIZ8 [SPBFUT],5,20180823,120500,105290.000000,105360.000000,105200.000000,105260.000000,2387.000000
RIZ8 [SPBFUT],5,20180823,121000,105250.000000,105300.000000,105070.000000,105180.000000,2725.000000
RIZ8 [SPBFUT],5,20180823,121500,105180.000000,105250.000000,105130.000000,105160.000000,1518.000000
RIZ8 [SPBFUT],5,20180823,122000,105170.000000,105200.000000,104840.000000,104870.000000,4751.000000
RIZ8 [SPBFUT],5,20180823,122500,104860.000000,105070.000000,104770.000000,105030.000000,5138.000000
RIZ8 [SPBFUT],5,20180823,123000,105020.000000,105200.000000,104960.000000,105150.000000,3817.000000
RIZ8 [SPBFUT],5,20180823,123500,105140.000000,105170.000000,104980.000000,105010.000000,2518.000000
RIZ8 [SPBFUT],5,20180823,124000,105020.000000,105030.000000,104840.000000,104950.000000,3360.000000
RIZ8 [SPBFUT],5,20180823,124500,104940.000000,104990.000000,104670.000000,104810.000000,6338.000000
RIZ8 [SPBFUT],5,20180823,125000,104820.000000,104820.000000,104220.000000,104250.000000,12874.000000
RIZ8 [SPBFUT],5,20180823,125500,104240.000000,104450.000000,104000.000000,104390.000000,11518.000000
RIZ8 [SPBFUT],5,20180823,130000,104370.000000,104530.000000,104300.000000,104500.000000,5203.000000
RIZ8 [SPBFUT],5,20180823,130500,104500.000000,104550.000000,104340.000000,104350.000000,2217.000000
RIZ8 [SPBFUT],5,20180823,131000,104340.000000,104480.000000,104300.000000,104340.000000,2561.000000
RIZ8 [SPBFUT],5,20180823,131500,104330.000000,105150.000000,104330.000000,105050.000000,14613.000000
RIZ8 [SPBFUT],5,20180823,132000,105040.000000,105800.000000,105000.000000,105500.000000,22492.000000
RIZ8 [SPBFUT],5,20180823,132500,105510.000000,105700.000000,105360.000000,105420.000000,7593.000000
RIZ8 [SPBFUT],5,20180823,133000,105420.000000,105500.000000,105170.000000,105320.000000,4955.000000
RIZ8 [SPBFUT],5,20180823,133500,105320.000000,105370.000000,105140.000000,105180.000000,3046.000000
RIZ8 [SPBFUT],5,20180823,134000,105180.000000,105470.000000,105110.000000,105430.000000,3813.000000
RIZ8 [SPBFUT],5,20180823,134500,105440.000000,106000.000000,105370.000000,105940.000000,12712.000000
RIZ8 [SPBFUT],5,20180823,135000,105950.000000,106250.000000,105860.000000,106110.000000,11613.000000
RIZ8 [SPBFUT],5,20180823,135500,106110.000000,106230.000000,105840.000000,105860.000000,10433.000000
RIZ8 [SPBFUT],5,20180823,140500,105880.000000,106090.000000,105850.000000,106050.000000,3860.000000
RIZ8 [SPBFUT],5,20180823,141000,106040.000000,106100.000000,105840.000000,105870.000000,4276.000000
RIZ8 [SPBFUT],5,20180823,141500,105870.000000,105980.000000,105810.000000,105930.000000,3056.000000
RIZ8 [SPBFUT],5,20180823,142000,105930.000000,106060.000000,105900.000000,106000.000000,2239.000000
RIZ8 [SPBFUT],5,20180823,142500,106010.000000,106090.000000,105880.000000,105920.000000,1631.000000
RIZ8 [SPBFUT],5,20180823,143000,105920.000000,106160.000000,105920.000000,106100.000000,1946.000000
RIZ8 [SPBFUT],5,20180823,143500,106100.000000,106560.000000,106070.000000,106350.000000,8423.000000
RIZ8 [SPBFUT],5,20180823,144000,106360.000000,106410.000000,106240.000000,106290.000000,3809.000000
RIZ8 [SPBFUT],5,20180823,144500,106280.000000,106400.000000,106180.000000,106210.000000,2096.000000
RIZ8 [SPBFUT],5,20180823,145000,106210.000000,106210.000000,106020.000000,106040.000000,4006.000000
RIZ8 [SPBFUT],5,20180823,145500,106040.000000,106150.000000,105980.000000,106080.000000,3301.000000
RIZ8 [SPBFUT],5,20180823,150000,106090.000000,106100.000000,105840.000000,105860.000000,3808.000000
RIZ8 [SPBFUT],5,20180823,150500,105860.000000,105880.000000,105460.000000,105610.000000,8429.000000
RIZ8 [SPBFUT],5,20180823,151000,105620.000000,105860.000000,105550.000000,105820.000000,2993.000000
RIZ8 [SPBFUT],5,20180823,151500,105820.000000,105900.000000,105750.000000,105850.000000,2147.000000
RIZ8 [SPBFUT],5,20180823,152000,105860.000000,105970.000000,105800.000000,105910.000000,2527.000000
RIZ8 [SPBFUT],5,20180823,152500,105920.000000,106030.000000,105710.000000,105810.000000,2484.000000
RIZ8 [SPBFUT],5,20180823,153000,105820.000000,105860.000000,105740.000000,105820.000000,1670.000000
RIZ8 [SPBFUT],5,20180823,153500,105820.000000,105950.000000,105760.000000,105890.000000,1628.000000
RIZ8 [SPBFUT],5,20180823,154000,105900.000000,106150.000000,105840.000000,106070.000000,2440.000000
RIZ8 [SPBFUT],5,20180823,154500,106100.000000,106130.000000,105990.000000,106090.000000,1854.000000
RIZ8 [SPBFUT],5,20180823,155000,106090.000000,106150.000000,106030.000000,106050.000000,1782.000000
RIZ8 [SPBFUT],5,20180823,155500,106060.000000,106370.000000,106050.000000,106340.000000,2675.000000
RIZ8 [SPBFUT],5,20180823,160000,106350.000000,106750.000000,106300.000000,106460.000000,10626.000000
RIZ8 [SPBFUT],5,20180823,160500,106470.000000,106470.000000,106200.000000,106260.000000,4615.000000
RIZ8 [SPBFUT],5,20180823,161000,106270.000000,106290.000000,106140.000000,106180.000000,3710.000000
RIZ8 [SPBFUT],5,20180823,161500,106190.000000,106200.000000,106070.000000,106170.000000,2073.000000
RIZ8 [SPBFUT],5,20180823,162000,106160.000000,106260.000000,106130.000000,106210.000000,1729.000000
RIZ8 [SPBFUT],5,20180823,162500,106230.000000,106250.000000,106080.000000,106180.000000,1584.000000
RIZ8 [SPBFUT],5,20180823,163000,106180.000000,106210.000000,105860.000000,105900.000000,4562.000000
RIZ8 [SPBFUT],5,20180823,163500,105890.000000,106000.000000,105770.000000,106000.000000,3937.000000
RIZ8 [SPBFUT],5,20180823,164000,105990.000000,106130.000000,105970.000000,106030.000000,3610.000000
RIZ8 [SPBFUT],5,20180823,164500,106010.000000,106020.000000,105770.000000,105920.000000,2995.000000
RIZ8 [SPBFUT],5,20180823,165000,105920.000000,106190.000000,105870.000000,106010.000000,3431.000000
RIZ8 [SPBFUT],5,20180823,165500,106010.000000,106060.000000,105670.000000,105800.000000,3206.000000
RIZ8 [SPBFUT],5,20180823,170000,105800.000000,105870.000000,105500.000000,105540.000000,5444.000000
RIZ8 [SPBFUT],5,20180823,170500,105540.000000,105550.000000,105190.000000,105190.000000,9581.000000
RIZ8 [SPBFUT],5,20180823,171000,105210.000000,105260.000000,104960.000000,105190.000000,10078.000000
RIZ8 [SPBFUT],5,20180823,171500,105180.000000,105220.000000,104860.000000,105010.000000,6433.000000
RIZ8 [SPBFUT],5,20180823,172000,105000.000000,105190.000000,104900.000000,104930.000000,5097.000000
RIZ8 [SPBFUT],5,20180823,172500,104930.000000,105090.000000,104780.000000,104960.000000,8078.000000
RIZ8 [SPBFUT],5,20180823,173000,104970.000000,105170.000000,104890.000000,105040.000000,4673.000000
RIZ8 [SPBFUT],5,20180823,173500,105030.000000,105150.000000,104960.000000,105120.000000,3640.000000
RIZ8 [SPBFUT],5,20180823,174000,105130.000000,105270.000000,104990.000000,104990.000000,6336.000000
RIZ8 [SPBFUT],5,20180823,174500,104990.000000,105130.000000,104850.000000,105060.000000,5217.000000
RIZ8 [SPBFUT],5,20180823,175000,105060.000000,105150.000000,104950.000000,105030.000000,2210.000000
RIZ8 [SPBFUT],5,20180823,175500,105020.000000,105140.000000,104800.000000,104980.000000,6299.000000
RIZ8 [SPBFUT],5,20180823,180000,104990.000000,105080.000000,104810.000000,105010.000000,5428.000000
RIZ8 [SPBFUT],5,20180823,180500,105020.000000,105020.000000,104600.000000,104640.000000,8039.000000
RIZ8 [SPBFUT],5,20180823,181000,104630.000000,104710.000000,104520.000000,104580.000000,7113.000000
RIZ8 [SPBFUT],5,20180823,181500,104590.000000,104760.000000,104380.000000,104420.000000,6114.000000
RIZ8 [SPBFUT],5,20180823,182000,104410.000000,104680.000000,104380.000000,104660.000000,6005.000000
RIZ8 [SPBFUT],5,20180823,182500,104650.000000,104780.000000,104580.000000,104620.000000,4326.000000
RIZ8 [SPBFUT],5,20180823,183000,104610.000000,104630.000000,104320.000000,104350.000000,7118.000000
RIZ8 [SPBFUT],5,20180823,183500,104370.000000,104490.000000,104320.000000,104390.000000,3778.000000
RIZ8 [SPBFUT],5,20180823,184000,104380.000000,104620.000000,104330.000000,104330.000000,4430.000000
RIZ8 [SPBFUT],5,20180823,190500,104310.000000,104500.000000,104160.000000,104180.000000,4876.000000
RIZ8 [SPBFUT],5,20180823,191000,104180.000000,104380.000000,104100.000000,104150.000000,4953.000000
RIZ8 [SPBFUT],5,20180823,191500,104140.000000,104320.000000,104060.000000,104250.000000,4298.000000
RIZ8 [SPBFUT],5,20180823,192000,104270.000000,104550.000000,104250.000000,104510.000000,3678.000000
RIZ8 [SPBFUT],5,20180823,192500,104520.000000,104840.000000,104480.000000,104690.000000,5211.000000
RIZ8 [SPBFUT],5,20180823,193000,104700.000000,104810.000000,104560.000000,104610.000000,2438.000000
RIZ8 [SPBFUT],5,20180823,193500,104610.000000,104790.000000,104560.000000,104770.000000,1359.000000
RIZ8 [SPBFUT],5,20180823,194000,104780.000000,104830.000000,104670.000000,104680.000000,1267.000000
RIZ8 [SPBFUT],5,20180823,194500,104680.000000,104800.000000,104680.000000,104790.000000,704.000000
RIZ8 [SPBFUT],5,20180823,195000,104790.000000,104900.000000,104730.000000,104790.000000,2405.000000
RIZ8 [SPBFUT],5,20180823,195500,104790.000000,104790.000000,104500.000000,104570.000000,2154.000000
RIZ8 [SPBFUT],5,20180823,200000,104570.000000,104580.000000,104400.000000,104400.000000,1479.000000
RIZ8 [SPBFUT],5,20180823,200500,104410.000000,104480.000000,104380.000000,104460.000000,1136.000000
RIZ8 [SPBFUT],5,20180823,201000,104450.000000,104520.000000,104330.000000,104390.000000,1414.000000
RIZ8 [SPBFUT],5,20180823,201500,104370.000000,104600.000000,104320.000000,104540.000000,1601.000000
RIZ8 [SPBFUT],5,20180823,202000,104530.000000,104560.000000,104460.000000,104500.000000,761.000000
RIZ8 [SPBFUT],5,20180823,202500,104510.000000,104650.000000,104510.000000,104630.000000,806.000000
RIZ8 [SPBFUT],5,20180823,203000,104640.000000,104820.000000,104600.000000,104760.000000,2853.000000
RIZ8 [SPBFUT],5,20180823,203500,104740.000000,104920.000000,104720.000000,104890.000000,3688.000000
RIZ8 [SPBFUT],5,20180823,204000,104900.000000,104970.000000,104830.000000,104840.000000,1541.000000
RIZ8 [SPBFUT],5,20180823,204500,104830.000000,104860.000000,104790.000000,104790.000000,1202.000000
RIZ8 [SPBFUT],5,20180823,205000,104800.000000,104830.000000,104750.000000,104750.000000,893.000000
RIZ8 [SPBFUT],5,20180823,205500,104760.000000,104800.000000,104750.000000,104790.000000,853.000000
RIZ8 [SPBFUT],5,20180823,210000,104800.000000,104850.000000,104730.000000,104770.000000,1090.000000
RIZ8 [SPBFUT],5,20180823,210500,104780.000000,104850.000000,104780.000000,104820.000000,412.000000
RIZ8 [SPBFUT],5,20180823,211000,104820.000000,104840.000000,104690.000000,104700.000000,527.000000
RIZ8 [SPBFUT],5,20180823,211500,104690.000000,104730.000000,104630.000000,104660.000000,613.000000
RIZ8 [SPBFUT],5,20180823,212000,104670.000000,104690.000000,104580.000000,104590.000000,571.000000
RIZ8 [SPBFUT],5,20180823,212500,104590.000000,104650.000000,104520.000000,104630.000000,1545.000000
RIZ8 [SPBFUT],5,20180823,213000,104620.000000,104660.000000,104590.000000,104640.000000,711.000000
RIZ8 [SPBFUT],5,20180823,213500,104630.000000,104630.000000,104560.000000,104590.000000,811.000000
RIZ8 [SPBFUT],5,20180823,214000,104580.000000,104700.000000,104480.000000,104680.000000,1408.000000
RIZ8 [SPBFUT],5,20180823,214500,104680.000000,104680.000000,104460.000000,104490.000000,915.000000
RIZ8 [SPBFUT],5,20180823,215000,104480.000000,104540.000000,104430.000000,104510.000000,1067.000000
RIZ8 [SPBFUT],5,20180823,215500,104520.000000,104610.000000,104480.000000,104580.000000,874.000000
RIZ8 [SPBFUT],5,20180823,220000,104580.000000,104730.000000,104560.000000,104620.000000,1134.000000
RIZ8 [SPBFUT],5,20180823,220500,104640.000000,104680.000000,104620.000000,104660.000000,200.000000
RIZ8 [SPBFUT],5,20180823,221000,104670.000000,104770.000000,104670.000000,104750.000000,651.000000
RIZ8 [SPBFUT],5,20180823,221500,104750.000000,104790.000000,104710.000000,104750.000000,512.000000
RIZ8 [SPBFUT],5,20180823,222000,104760.000000,104780.000000,104690.000000,104730.000000,438.000000
RIZ8 [SPBFUT],5,20180823,222500,104720.000000,104730.000000,104690.000000,104720.000000,185.000000
RIZ8 [SPBFUT],5,20180823,223000,104730.000000,104740.000000,104630.000000,104670.000000,419.000000
RIZ8 [SPBFUT],5,20180823,223500,104670.000000,104680.000000,104540.000000,104540.000000,525.000000
RIZ8 [SPBFUT],5,20180823,224000,104550.000000,104590.000000,104520.000000,104570.000000,455.000000
RIZ8 [SPBFUT],5,20180823,224500,104550.000000,104570.000000,104420.000000,104560.000000,1039.000000
RIZ8 [SPBFUT],5,20180823,225000,104540.000000,104630.000000,104540.000000,104540.000000,641.000000
RIZ8 [SPBFUT],5,20180823,225500,104550.000000,104610.000000,104480.000000,104480.000000,978.000000
RIZ8 [SPBFUT],5,20180823,230000,104470.000000,104570.000000,104440.000000,104490.000000,831.000000
RIZ8 [SPBFUT],5,20180823,230500,104490.000000,104540.000000,104410.000000,104530.000000,584.000000
RIZ8 [SPBFUT],5,20180823,231000,104530.000000,104540.000000,104470.000000,104510.000000,484.000000
RIZ8 [SPBFUT],5,20180823,231500,104520.000000,104540.000000,104500.000000,104520.000000,191.000000
RIZ8 [SPBFUT],5,20180823,232000,104520.000000,104540.000000,104490.000000,104500.000000,226.000000
RIZ8 [SPBFUT],5,20180823,232500,104490.000000,104510.000000,104430.000000,104510.000000,404.000000
RIZ8 [SPBFUT],5,20180823,233000,104500.000000,104520.000000,104350.000000,104380.000000,659.000000
RIZ8 [SPBFUT],5,20180823,233500,104380.000000,104390.000000,104210.000000,104240.000000,1679.000000
RIZ8 [SPBFUT],5,20180823,234000,104220.000000,104240.000000,104170.000000,104190.000000,716.000000
RIZ8 [SPBFUT],5,20180823,234500,104180.000000,104290.000000,104170.000000,104250.000000,1121.000000
RIZ8 [SPBFUT],5,20180824,100000,104370.000000,105320.000000,104370.000000,105180.000000,13788.000000
RIZ8 [SPBFUT],5,20180824,100500,105180.000000,105460.000000,105020.000000,105360.000000,8293.000000
RIZ8 [SPBFUT],5,20180824,101000,105370.000000,105490.000000,105330.000000,105340.000000,4701.000000
RIZ8 [SPBFUT],5,20180824,101500,105340.000000,105380.000000,105170.000000,105350.000000,3668.000000
RIZ8 [SPBFUT],5,20180824,102000,105350.000000,105370.000000,105240.000000,105270.000000,1462.000000
RIZ8 [SPBFUT],5,20180824,102500,105270.000000,105460.000000,105220.000000,105420.000000,3296.000000
RIZ8 [SPBFUT],5,20180824,103000,105400.000000,105440.000000,105230.000000,105270.000000,1884.000000
RIZ8 [SPBFUT],5,20180824,103500,105270.000000,105400.000000,105240.000000,105290.000000,1150.000000
RIZ8 [SPBFUT],5,20180824,104000,105290.000000,105380.000000,105170.000000,105260.000000,1974.000000
RIZ8 [SPBFUT],5,20180824,104500,105270.000000,105560.000000,105240.000000,105340.000000,5366.000000
RIZ8 [SPBFUT],5,20180824,105000,105330.000000,105450.000000,105270.000000,105370.000000,1995.000000
RIZ8 [SPBFUT],5,20180824,105500,105380.000000,105450.000000,105240.000000,105270.000000,1859.000000
RIZ8 [SPBFUT],5,20180824,110000,105260.000000,105330.000000,104780.000000,104940.000000,9119.000000
RIZ8 [SPBFUT],5,20180824,110500,104940.000000,104940.000000,104340.000000,104350.000000,7093.000000
RIZ8 [SPBFUT],5,20180824,111000,104360.000000,104460.000000,103950.000000,104430.000000,11989.000000
RIZ8 [SPBFUT],5,20180824,111500,104420.000000,104750.000000,104370.000000,104600.000000,8684.000000
RIZ8 [SPBFUT],5,20180824,112000,104590.000000,104670.000000,104470.000000,104570.000000,2353.000000
RIZ8 [SPBFUT],5,20180824,112500,104570.000000,104680.000000,104470.000000,104510.000000,2021.000000
RIZ8 [SPBFUT],5,20180824,113000,104500.000000,104570.000000,104090.000000,104220.000000,5847.000000
RIZ8 [SPBFUT],5,20180824,113500,104220.000000,104310.000000,104030.000000,104210.000000,4880.000000
RIZ8 [SPBFUT],5,20180824,114000,104210.000000,104390.000000,104190.000000,104370.000000,2454.000000
RIZ8 [SPBFUT],5,20180824,114500,104370.000000,104390.000000,104160.000000,104370.000000,2924.000000
RIZ8 [SPBFUT],5,20180824,115000,104380.000000,104500.000000,104260.000000,104440.000000,3020.000000
RIZ8 [SPBFUT],5,20180824,115500,104430.000000,104700.000000,104380.000000,104690.000000,3469.000000
RIZ8 [SPBFUT],5,20180824,120000,104700.000000,104770.000000,104530.000000,104610.000000,3566.000000
RIZ8 [SPBFUT],5,20180824,120500,104610.000000,104640.000000,104440.000000,104560.000000,2305.000000
RIZ8 [SPBFUT],5,20180824,121000,104540.000000,104690.000000,104360.000000,104400.000000,2780.000000
RIZ8 [SPBFUT],5,20180824,121500,104400.000000,104520.000000,104310.000000,104410.000000,1420.000000
RIZ8 [SPBFUT],5,20180824,122000,104400.000000,104580.000000,104270.000000,104480.000000,2398.000000
RIZ8 [SPBFUT],5,20180824,122500,104470.000000,104500.000000,104400.000000,104450.000000,816.000000
RIZ8 [SPBFUT],5,20180824,123000,104440.000000,104900.000000,104430.000000,104790.000000,4001.000000
RIZ8 [SPBFUT],5,20180824,123500,104800.000000,104860.000000,104570.000000,104570.000000,2664.000000
RIZ8 [SPBFUT],5,20180824,124000,104580.000000,104710.000000,104530.000000,104710.000000,2153.000000
RIZ8 [SPBFUT],5,20180824,124500,104690.000000,104860.000000,104620.000000,104680.000000,2498.000000
RIZ8 [SPBFUT],5,20180824,125000,104680.000000,104770.000000,104610.000000,104710.000000,1666.000000
RIZ8 [SPBFUT],5,20180824,125500,104700.000000,104720.000000,104480.000000,104590.000000,2453.000000
RIZ8 [SPBFUT],5,20180824,130000,104590.000000,104680.000000,104570.000000,104630.000000,1322.000000
RIZ8 [SPBFUT],5,20180824,130500,104630.000000,104880.000000,104620.000000,104810.000000,2623.000000
RIZ8 [SPBFUT],5,20180824,131000,104820.000000,105090.000000,104790.000000,105010.000000,6050.000000
RIZ8 [SPBFUT],5,20180824,131500,105020.000000,105080.000000,104970.000000,104980.000000,2016.000000
RIZ8 [SPBFUT],5,20180824,132000,105000.000000,105000.000000,104930.000000,105000.000000,1170.000000
RIZ8 [SPBFUT],5,20180824,132500,105000.000000,105130.000000,104900.000000,104930.000000,2790.000000
RIZ8 [SPBFUT],5,20180824,133000,104930.000000,105010.000000,104870.000000,104900.000000,1472.000000
RIZ8 [SPBFUT],5,20180824,133500,104910.000000,104990.000000,104890.000000,104920.000000,957.000000
RIZ8 [SPBFUT],5,20180824,134000,104930.000000,105090.000000,104870.000000,105040.000000,1666.000000
RIZ8 [SPBFUT],5,20180824,134500,105040.000000,105300.000000,104980.000000,105250.000000,4717.000000
RIZ8 [SPBFUT],5,20180824,135000,105260.000000,105400.000000,105240.000000,105330.000000,3302.000000
RIZ8 [SPBFUT],5,20180824,135500,105340.000000,105390.000000,105200.000000,105270.000000,2163.000000
RIZ8 [SPBFUT],5,20180824,140500,105260.000000,105320.000000,105210.000000,105220.000000,1269.000000
RIZ8 [SPBFUT],5,20180824,141000,105230.000000,105390.000000,105170.000000,105390.000000,1910.000000
RIZ8 [SPBFUT],5,20180824,141500,105380.000000,105610.000000,105360.000000,105370.000000,7889.000000
RIZ8 [SPBFUT],5,20180824,142000,105380.000000,105520.000000,105240.000000,105270.000000,2930.000000
RIZ8 [SPBFUT],5,20180824,142500,105270.000000,105560.000000,105240.000000,105500.000000,2854.000000
RIZ8 [SPBFUT],5,20180824,143000,105500.000000,105670.000000,105490.000000,105600.000000,3711.000000
RIZ8 [SPBFUT],5,20180824,143500,105610.000000,105650.000000,105530.000000,105540.000000,2955.000000
RIZ8 [SPBFUT],5,20180824,144000,105550.000000,105680.000000,105530.000000,105580.000000,2036.000000
RIZ8 [SPBFUT],5,20180824,144500,105600.000000,105830.000000,105530.000000,105720.000000,5443.000000
RIZ8 [SPBFUT],5,20180824,145000,105720.000000,105810.000000,105550.000000,105580.000000,4099.000000
RIZ8 [SPBFUT],5,20180824,145500,105590.000000,105660.000000,105450.000000,105520.000000,3265.000000
RIZ8 [SPBFUT],5,20180824,150000,105510.000000,105600.000000,105450.000000,105510.000000,2578.000000
RIZ8 [SPBFUT],5,20180824,150500,105500.000000,105620.000000,105370.000000,105420.000000,3311.000000
RIZ8 [SPBFUT],5,20180824,151000,105420.000000,105550.000000,105420.000000,105540.000000,1828.000000
RIZ8 [SPBFUT],5,20180824,151500,105530.000000,105690.000000,105480.000000,105550.000000,2073.000000
RIZ8 [SPBFUT],5,20180824,152000,105550.000000,105640.000000,105520.000000,105560.000000,2028.000000
RIZ8 [SPBFUT],5,20180824,152500,105560.000000,105610.000000,105520.000000,105540.000000,829.000000
RIZ8 [SPBFUT],5,20180824,153000,105550.000000,105730.000000,105550.000000,105660.000000,2029.000000
RIZ8 [SPBFUT],5,20180824,153500,105650.000000,105900.000000,105650.000000,105760.000000,3689.000000
RIZ8 [SPBFUT],5,20180824,154000,105760.000000,105780.000000,105640.000000,105750.000000,2483.000000
RIZ8 [SPBFUT],5,20180824,154500,105750.000000,105850.000000,105720.000000,105790.000000,1973.000000
RIZ8 [SPBFUT],5,20180824,155000,105790.000000,105820.000000,105210.000000,105310.000000,7794.000000
RIZ8 [SPBFUT],5,20180824,155500,105300.000000,105460.000000,105250.000000,105330.000000,3547.000000
RIZ8 [SPBFUT],5,20180824,160000,105320.000000,105490.000000,105310.000000,105440.000000,1852.000000
RIZ8 [SPBFUT],5,20180824,160500,105440.000000,105540.000000,105330.000000,105420.000000,3843.000000
RIZ8 [SPBFUT],5,20180824,161000,105410.000000,105620.000000,105380.000000,105490.000000,3619.000000
RIZ8 [SPBFUT],5,20180824,161500,105490.000000,105540.000000,105220.000000,105260.000000,3677.000000
RIZ8 [SPBFUT],5,20180824,162000,105270.000000,105540.000000,105240.000000,105490.000000,2720.000000
RIZ8 [SPBFUT],5,20180824,162500,105500.000000,105600.000000,105430.000000,105510.000000,2301.000000
RIZ8 [SPBFUT],5,20180824,163000,105510.000000,105820.000000,105420.000000,105660.000000,6745.000000
RIZ8 [SPBFUT],5,20180824,163500,105660.000000,106130.000000,105650.000000,105930.000000,8833.000000
RIZ8 [SPBFUT],5,20180824,164000,105940.000000,106000.000000,105830.000000,105880.000000,3465.000000
RIZ8 [SPBFUT],5,20180824,164500,105870.000000,106120.000000,105830.000000,106050.000000,4241.000000
RIZ8 [SPBFUT],5,20180824,165000,106050.000000,106290.000000,105970.000000,105980.000000,6745.000000
RIZ8 [SPBFUT],5,20180824,165500,105990.000000,106030.000000,105840.000000,105870.000000,2687.000000
RIZ8 [SPBFUT],5,20180824,170000,105870.000000,106270.000000,105740.000000,106230.000000,9957.000000
RIZ8 [SPBFUT],5,20180824,170500,106210.000000,106370.000000,106090.000000,106170.000000,10256.000000
RIZ8 [SPBFUT],5,20180824,171000,106180.000000,106240.000000,106100.000000,106190.000000,3322.000000
RIZ8 [SPBFUT],5,20180824,171500,106200.000000,106360.000000,106080.000000,106090.000000,4773.000000
RIZ8 [SPBFUT],5,20180824,172000,106100.000000,106270.000000,106030.000000,106120.000000,3463.000000
RIZ8 [SPBFUT],5,20180824,172500,106120.000000,106130.000000,105830.000000,105920.000000,3883.000000
RIZ8 [SPBFUT],5,20180824,173000,105920.000000,106180.000000,105900.000000,106060.000000,3656.000000
RIZ8 [SPBFUT],5,20180824,173500,106060.000000,106100.000000,105820.000000,105850.000000,3978.000000
RIZ8 [SPBFUT],5,20180824,174000,105860.000000,105960.000000,105750.000000,105860.000000,3778.000000
RIZ8 [SPBFUT],5,20180824,174500,105850.000000,106060.000000,105830.000000,106010.000000,2748.000000
RIZ8 [SPBFUT],5,20180824,175000,106010.000000,106340.000000,105980.000000,106230.000000,5370.000000
RIZ8 [SPBFUT],5,20180824,175500,106250.000000,106440.000000,106200.000000,106330.000000,5444.000000
RIZ8 [SPBFUT],5,20180824,180000,106330.000000,106500.000000,106310.000000,106500.000000,4412.000000
RIZ8 [SPBFUT],5,20180824,180500,106500.000000,106540.000000,106380.000000,106400.000000,3807.000000
RIZ8 [SPBFUT],5,20180824,181000,106400.000000,106650.000000,106390.000000,106610.000000,2935.000000
RIZ8 [SPBFUT],5,20180824,181500,106620.000000,106730.000000,106540.000000,106660.000000,3080.000000
RIZ8 [SPBFUT],5,20180824,182000,106660.000000,106850.000000,106660.000000,106710.000000,4484.000000
RIZ8 [SPBFUT],5,20180824,182500,106710.000000,106720.000000,106560.000000,106590.000000,2963.000000
RIZ8 [SPBFUT],5,20180824,183000,106610.000000,106640.000000,106530.000000,106540.000000,2191.000000
RIZ8 [SPBFUT],5,20180824,183500,106540.000000,106600.000000,106510.000000,106550.000000,2395.000000
RIZ8 [SPBFUT],5,20180824,184000,106550.000000,106780.000000,106480.000000,106710.000000,3657.000000
RIZ8 [SPBFUT],5,20180824,190000,106690.000000,106830.000000,106640.000000,106710.000000,2286.000000
RIZ8 [SPBFUT],5,20180824,190500,106730.000000,106750.000000,106570.000000,106650.000000,1385.000000
RIZ8 [SPBFUT],5,20180824,191000,106650.000000,106740.000000,106610.000000,106640.000000,816.000000
RIZ8 [SPBFUT],5,20180824,191500,106640.000000,106800.000000,106640.000000,106780.000000,883.000000
RIZ8 [SPBFUT],5,20180824,192000,106780.000000,106950.000000,106740.000000,106880.000000,3028.000000
RIZ8 [SPBFUT],5,20180824,192500,106880.000000,107190.000000,106780.000000,107020.000000,3716.000000
RIZ8 [SPBFUT],5,20180824,193000,107000.000000,107240.000000,106980.000000,107090.000000,3180.000000
RIZ8 [SPBFUT],5,20180824,193500,107100.000000,107110.000000,106850.000000,106870.000000,2123.000000
RIZ8 [SPBFUT],5,20180824,194000,106870.000000,106890.000000,106760.000000,106860.000000,1722.000000
RIZ8 [SPBFUT],5,20180824,194500,106850.000000,106980.000000,106840.000000,106950.000000,1217.000000
RIZ8 [SPBFUT],5,20180824,195000,106950.000000,107140.000000,106930.000000,106940.000000,1914.000000
RIZ8 [SPBFUT],5,20180824,195500,106940.000000,106990.000000,106810.000000,106880.000000,1170.000000
RIZ8 [SPBFUT],5,20180824,200000,106900.000000,106940.000000,106860.000000,106900.000000,534.000000
RIZ8 [SPBFUT],5,20180824,200500,106890.000000,106960.000000,106790.000000,106820.000000,1014.000000
RIZ8 [SPBFUT],5,20180824,201000,106820.000000,106830.000000,106710.000000,106740.000000,1181.000000
RIZ8 [SPBFUT],5,20180824,201500,106760.000000,106870.000000,106750.000000,106810.000000,680.000000
RIZ8 [SPBFUT],5,20180824,202000,106800.000000,106870.000000,106780.000000,106850.000000,931.000000
RIZ8 [SPBFUT],5,20180824,202500,106840.000000,106900.000000,106800.000000,106810.000000,540.000000
RIZ8 [SPBFUT],5,20180824,203000,106810.000000,106830.000000,106670.000000,106700.000000,929.000000
RIZ8 [SPBFUT],5,20180824,203500,106700.000000,106720.000000,106530.000000,106530.000000,1660.000000
RIZ8 [SPBFUT],5,20180824,204000,106550.000000,106600.000000,106450.000000,106550.000000,2178.000000
RIZ8 [SPBFUT],5,20180824,204500,106550.000000,106680.000000,106480.000000,106640.000000,1419.000000
RIZ8 [SPBFUT],5,20180824,205000,106640.000000,106680.000000,106600.000000,106660.000000,802.000000
RIZ8 [SPBFUT],5,20180824,205500,106670.000000,106730.000000,106640.000000,106710.000000,697.000000
RIZ8 [SPBFUT],5,20180824,210000,106710.000000,106770.000000,106650.000000,106680.000000,1148.000000
RIZ8 [SPBFUT],5,20180824,210500,106690.000000,106810.000000,106670.000000,106800.000000,537.000000
RIZ8 [SPBFUT],5,20180824,211000,106810.000000,106840.000000,106740.000000,106780.000000,518.000000
RIZ8 [SPBFUT],5,20180824,211500,106770.000000,106880.000000,106750.000000,106850.000000,809.000000
RIZ8 [SPBFUT],5,20180824,212000,106830.000000,106890.000000,106820.000000,106850.000000,540.000000
RIZ8 [SPBFUT],5,20180824,212500,106830.000000,106900.000000,106830.000000,106900.000000,1520.000000
RIZ8 [SPBFUT],5,20180824,213000,106900.000000,106900.000000,106850.000000,106890.000000,1138.000000
RIZ8 [SPBFUT],5,20180824,213500,106880.000000,106900.000000,106840.000000,106890.000000,795.000000
RIZ8 [SPBFUT],5,20180824,214000,106880.000000,106900.000000,106880.000000,106900.000000,284.000000
RIZ8 [SPBFUT],5,20180824,214500,106890.000000,106900.000000,106870.000000,106870.000000,629.000000
RIZ8 [SPBFUT],5,20180824,215000,106860.000000,106890.000000,106830.000000,106850.000000,693.000000
RIZ8 [SPBFUT],5,20180824,215500,106840.000000,106870.000000,106840.000000,106860.000000,167.000000
RIZ8 [SPBFUT],5,20180824,220000,106850.000000,106900.000000,106830.000000,106890.000000,804.000000
RIZ8 [SPBFUT],5,20180824,220500,106880.000000,106900.000000,106760.000000,106790.000000,1012.000000
RIZ8 [SPBFUT],5,20180824,221000,106790.000000,106900.000000,106760.000000,106890.000000,731.000000
RIZ8 [SPBFUT],5,20180824,221500,106880.000000,107070.000000,106870.000000,107070.000000,3217.000000
RIZ8 [SPBFUT],5,20180824,222000,107050.000000,107060.000000,106980.000000,107000.000000,568.000000
RIZ8 [SPBFUT],5,20180824,222500,106990.000000,107020.000000,106920.000000,107010.000000,1041.000000
RIZ8 [SPBFUT],5,20180824,223000,107020.000000,107160.000000,106970.000000,107110.000000,889.000000
RIZ8 [SPBFUT],5,20180824,223500,107120.000000,107160.000000,107050.000000,107130.000000,579.000000
RIZ8 [SPBFUT],5,20180824,224000,107110.000000,107180.000000,107090.000000,107150.000000,521.000000
RIZ8 [SPBFUT],5,20180824,224500,107150.000000,107150.000000,107080.000000,107120.000000,419.000000
RIZ8 [SPBFUT],5,20180824,225000,107120.000000,107200.000000,107090.000000,107150.000000,901.000000
RIZ8 [SPBFUT],5,20180824,225500,107160.000000,107180.000000,107050.000000,107150.000000,1337.000000
RIZ8 [SPBFUT],5,20180824,230000,107150.000000,107190.000000,107070.000000,107180.000000,1308.000000
RIZ8 [SPBFUT],5,20180824,230500,107170.000000,107170.000000,107120.000000,107140.000000,308.000000
RIZ8 [SPBFUT],5,20180824,231000,107130.000000,107140.000000,107080.000000,107080.000000,458.000000
RIZ8 [SPBFUT],5,20180824,231500,107090.000000,107100.000000,107040.000000,107070.000000,487.000000
RIZ8 [SPBFUT],5,20180824,232000,107060.000000,107080.000000,107040.000000,107050.000000,279.000000
RIZ8 [SPBFUT],5,20180824,232500,107070.000000,107100.000000,107050.000000,107070.000000,357.000000
RIZ8 [SPBFUT],5,20180824,233000,107060.000000,107060.000000,106940.000000,106970.000000,1349.000000
RIZ8 [SPBFUT],5,20180824,233500,106970.000000,107050.000000,106970.000000,107020.000000,1016.000000
RIZ8 [SPBFUT],5,20180824,234000,107020.000000,107060.000000,106990.000000,107030.000000,549.000000
RIZ8 [SPBFUT],5,20180824,234500,107020.000000,107190.000000,107010.000000,107190.000000,1008.000000
RIZ8 [SPBFUT],5,20180827,100000,107060.000000,107190.000000,106550.000000,106900.000000,11670.000000
RIZ8 [SPBFUT],5,20180827,100500,106910.000000,107350.000000,106890.000000,107330.000000,9209.000000
RIZ8 [SPBFUT],5,20180827,101000,107330.000000,107390.000000,107160.000000,107240.000000,6250.000000
RIZ8 [SPBFUT],5,20180827,101500,107230.000000,107370.000000,107160.000000,107170.000000,4279.000000
RIZ8 [SPBFUT],5,20180827,102000,107170.000000,107430.000000,107110.000000,107270.000000,5558.000000
RIZ8 [SPBFUT],5,20180827,102500,107270.000000,107500.000000,107250.000000,107310.000000,5002.000000
RIZ8 [SPBFUT],5,20180827,103000,107310.000000,107330.000000,107160.000000,107210.000000,2863.000000
RIZ8 [SPBFUT],5,20180827,103500,107210.000000,107300.000000,107160.000000,107270.000000,1905.000000
RIZ8 [SPBFUT],5,20180827,104000,107270.000000,107410.000000,107200.000000,107240.000000,2743.000000
RIZ8 [SPBFUT],5,20180827,104500,107250.000000,107350.000000,107140.000000,107260.000000,1890.000000
RIZ8 [SPBFUT],5,20180827,105000,107270.000000,107330.000000,107180.000000,107250.000000,1543.000000
RIZ8 [SPBFUT],5,20180827,105500,107240.000000,107290.000000,107160.000000,107270.000000,863.000000
RIZ8 [SPBFUT],5,20180827,110000,107280.000000,107410.000000,107240.000000,107380.000000,2458.000000
RIZ8 [SPBFUT],5,20180827,110500,107400.000000,107560.000000,107330.000000,107410.000000,4544.000000
RIZ8 [SPBFUT],5,20180827,111000,107410.000000,107600.000000,107350.000000,107530.000000,4464.000000
RIZ8 [SPBFUT],5,20180827,111500,107530.000000,107570.000000,107450.000000,107520.000000,2182.000000
RIZ8 [SPBFUT],5,20180827,112000,107520.000000,107630.000000,107480.000000,107490.000000,2638.000000
RIZ8 [SPBFUT],5,20180827,112500,107490.000000,107530.000000,107440.000000,107460.000000,2490.000000
RIZ8 [SPBFUT],5,20180827,113000,107470.000000,107480.000000,107360.000000,107380.000000,3058.000000
RIZ8 [SPBFUT],5,20180827,113500,107380.000000,107500.000000,107370.000000,107440.000000,1263.000000
RIZ8 [SPBFUT],5,20180827,114000,107440.000000,107570.000000,107390.000000,107550.000000,1592.000000
RIZ8 [SPBFUT],5,20180827,114500,107550.000000,107570.000000,107480.000000,107490.000000,1277.000000
RIZ8 [SPBFUT],5,20180827,115000,107490.000000,107690.000000,107440.000000,107630.000000,3964.000000
RIZ8 [SPBFUT],5,20180827,115500,107620.000000,107630.000000,107520.000000,107550.000000,1413.000000
RIZ8 [SPBFUT],5,20180827,120000,107570.000000,107590.000000,107170.000000,107220.000000,6703.000000
RIZ8 [SPBFUT],5,20180827,120500,107220.000000,107400.000000,107150.000000,107300.000000,6052.000000
RIZ8 [SPBFUT],5,20180827,121000,107300.000000,107400.000000,107270.000000,107360.000000,1096.000000
RIZ8 [SPBFUT],5,20180827,121500,107350.000000,107480.000000,107330.000000,107480.000000,2008.000000
RIZ8 [SPBFUT],5,20180827,122000,107480.000000,107490.000000,107370.000000,107420.000000,1651.000000
RIZ8 [SPBFUT],5,20180827,122500,107420.000000,107500.000000,107400.000000,107450.000000,2347.000000
RIZ8 [SPBFUT],5,20180827,123000,107450.000000,107490.000000,107400.000000,107460.000000,2002.000000
RIZ8 [SPBFUT],5,20180827,123500,107450.000000,107480.000000,107310.000000,107410.000000,2792.000000
RIZ8 [SPBFUT],5,20180827,124000,107420.000000,107520.000000,107390.000000,107400.000000,2204.000000
RIZ8 [SPBFUT],5,20180827,124500,107400.000000,107580.000000,107400.000000,107560.000000,1758.000000
RIZ8 [SPBFUT],5,20180827,125000,107560.000000,107570.000000,107500.000000,107530.000000,1599.000000
RIZ8 [SPBFUT],5,20180827,125500,107540.000000,107600.000000,107500.000000,107560.000000,1220.000000
RIZ8 [SPBFUT],5,20180827,130000,107560.000000,107650.000000,107440.000000,107470.000000,2237.000000
RIZ8 [SPBFUT],5,20180827,130500,107470.000000,107570.000000,107450.000000,107480.000000,1093.000000
RIZ8 [SPBFUT],5,20180827,131000,107470.000000,107540.000000,107420.000000,107500.000000,1291.000000
RIZ8 [SPBFUT],5,20180827,131500,107500.000000,107550.000000,107500.000000,107510.000000,1083.000000
RIZ8 [SPBFUT],5,20180827,132000,107510.000000,107540.000000,107460.000000,107490.000000,1129.000000
RIZ8 [SPBFUT],5,20180827,132500,107500.000000,107510.000000,107450.000000,107470.000000,1632.000000
RIZ8 [SPBFUT],5,20180827,133000,107460.000000,107480.000000,107400.000000,107450.000000,1056.000000
RIZ8 [SPBFUT],5,20180827,133500,107460.000000,107460.000000,107330.000000,107330.000000,1622.000000
RIZ8 [SPBFUT],5,20180827,134000,107330.000000,107420.000000,107320.000000,107410.000000,1527.000000
RIZ8 [SPBFUT],5,20180827,134500,107420.000000,107440.000000,107370.000000,107390.000000,759.000000
RIZ8 [SPBFUT],5,20180827,135000,107380.000000,107420.000000,107330.000000,107400.000000,875.000000
RIZ8 [SPBFUT],5,20180827,135500,107390.000000,107400.000000,107320.000000,107360.000000,662.000000
RIZ8 [SPBFUT],5,20180827,140500,107380.000000,107510.000000,107360.000000,107510.000000,3598.000000
RIZ8 [SPBFUT],5,20180827,141000,107500.000000,107530.000000,107420.000000,107460.000000,1184.000000
RIZ8 [SPBFUT],5,20180827,141500,107460.000000,107520.000000,107370.000000,107370.000000,1362.000000
RIZ8 [SPBFUT],5,20180827,142000,107370.000000,107450.000000,107340.000000,107450.000000,1018.000000
RIZ8 [SPBFUT],5,20180827,142500,107440.000000,107450.000000,107380.000000,107450.000000,505.000000
RIZ8 [SPBFUT],5,20180827,143000,107440.000000,107500.000000,107410.000000,107490.000000,768.000000
RIZ8 [SPBFUT],5,20180827,143500,107490.000000,107640.000000,107470.000000,107600.000000,2024.000000
RIZ8 [SPBFUT],5,20180827,144000,107600.000000,107860.000000,107600.000000,107760.000000,5276.000000
RIZ8 [SPBFUT],5,20180827,144500,107760.000000,107880.000000,107750.000000,107790.000000,2936.000000
RIZ8 [SPBFUT],5,20180827,145000,107780.000000,107880.000000,107770.000000,107770.000000,1780.000000
RIZ8 [SPBFUT],5,20180827,145500,107770.000000,107960.000000,107770.000000,107860.000000,2899.000000
RIZ8 [SPBFUT],5,20180827,150000,107860.000000,107980.000000,107810.000000,107960.000000,1691.000000
RIZ8 [SPBFUT],5,20180827,150500,107960.000000,107970.000000,107770.000000,107790.000000,3059.000000
RIZ8 [SPBFUT],5,20180827,151000,107780.000000,107820.000000,107640.000000,107800.000000,3326.000000
RIZ8 [SPBFUT],5,20180827,151500,107800.000000,107960.000000,107740.000000,107940.000000,2328.000000
RIZ8 [SPBFUT],5,20180827,152000,107950.000000,108040.000000,107810.000000,107990.000000,4504.000000
RIZ8 [SPBFUT],5,20180827,152500,107970.000000,108140.000000,107940.000000,108050.000000,4667.000000
RIZ8 [SPBFUT],5,20180827,153000,108050.000000,108280.000000,108040.000000,108210.000000,6099.000000
RIZ8 [SPBFUT],5,20180827,153500,108210.000000,108280.000000,108110.000000,108140.000000,2631.000000
RIZ8 [SPBFUT],5,20180827,154000,108130.000000,108180.000000,108110.000000,108120.000000,873.000000
RIZ8 [SPBFUT],5,20180827,154500,108120.000000,108140.000000,108060.000000,108080.000000,1846.000000
RIZ8 [SPBFUT],5,20180827,155000,108080.000000,108110.000000,108040.000000,108050.000000,1172.000000
RIZ8 [SPBFUT],5,20180827,155500,108040.000000,108080.000000,108040.000000,108060.000000,1130.000000
RIZ8 [SPBFUT],5,20180827,160000,108060.000000,108080.000000,107970.000000,108060.000000,2536.000000
RIZ8 [SPBFUT],5,20180827,160500,108070.000000,108080.000000,107960.000000,108030.000000,1652.000000
RIZ8 [SPBFUT],5,20180827,161000,108020.000000,108100.000000,108010.000000,108040.000000,1504.000000
RIZ8 [SPBFUT],5,20180827,161500,108040.000000,108130.000000,108020.000000,108070.000000,1372.000000
RIZ8 [SPBFUT],5,20180827,162000,108080.000000,108160.000000,108040.000000,108130.000000,827.000000
RIZ8 [SPBFUT],5,20180827,162500,108130.000000,108190.000000,108060.000000,108060.000000,1467.000000
RIZ8 [SPBFUT],5,20180827,163000,108060.000000,108250.000000,108040.000000,108140.000000,3325.000000
RIZ8 [SPBFUT],5,20180827,163500,108150.000000,108220.000000,108050.000000,108160.000000,2717.000000
RIZ8 [SPBFUT],5,20180827,164000,108150.000000,108170.000000,108040.000000,108110.000000,2020.000000
RIZ8 [SPBFUT],5,20180827,164500,108100.000000,108220.000000,108070.000000,108130.000000,3098.000000
RIZ8 [SPBFUT],5,20180827,165000,108140.000000,108150.000000,107750.000000,107920.000000,7522.000000
RIZ8 [SPBFUT],5,20180827,165500,107920.000000,108190.000000,107860.000000,108150.000000,3895.000000
RIZ8 [SPBFUT],5,20180827,170000,108140.000000,108170.000000,108020.000000,108070.000000,2590.000000
RIZ8 [SPBFUT],5,20180827,170500,108080.000000,108310.000000,108080.000000,108210.000000,6623.000000
RIZ8 [SPBFUT],5,20180827,171000,108200.000000,108310.000000,108200.000000,108230.000000,2981.000000
RIZ8 [SPBFUT],5,20180827,171500,108240.000000,108350.000000,108180.000000,108330.000000,2835.000000
RIZ8 [SPBFUT],5,20180827,172000,108330.000000,108360.000000,108240.000000,108330.000000,3906.000000
RIZ8 [SPBFUT],5,20180827,172500,108340.000000,108420.000000,108290.000000,108370.000000,3194.000000
RIZ8 [SPBFUT],5,20180827,173000,108360.000000,108370.000000,108180.000000,108200.000000,2614.000000
RIZ8 [SPBFUT],5,20180827,173500,108210.000000,108230.000000,108120.000000,108180.000000,2710.000000
RIZ8 [SPBFUT],5,20180827,174000,108190.000000,108240.000000,108150.000000,108200.000000,1481.000000
RIZ8 [SPBFUT],5,20180827,174500,108200.000000,108320.000000,108190.000000,108240.000000,3028.000000
RIZ8 [SPBFUT],5,20180827,175000,108250.000000,108400.000000,108240.000000,108390.000000,2195.000000
RIZ8 [SPBFUT],5,20180827,175500,108390.000000,108440.000000,108280.000000,108390.000000,2312.000000
RIZ8 [SPBFUT],5,20180827,180000,108400.000000,108480.000000,108380.000000,108410.000000,2755.000000
RIZ8 [SPBFUT],5,20180827,180500,108420.000000,108500.000000,108330.000000,108460.000000,2404.000000
RIZ8 [SPBFUT],5,20180827,181000,108470.000000,108540.000000,108310.000000,108380.000000,3288.000000
RIZ8 [SPBFUT],5,20180827,181500,108370.000000,108550.000000,108360.000000,108460.000000,3790.000000
RIZ8 [SPBFUT],5,20180827,182000,108480.000000,108550.000000,108450.000000,108480.000000,3610.000000
RIZ8 [SPBFUT],5,20180827,182500,108470.000000,108500.000000,108400.000000,108420.000000,2105.000000
RIZ8 [SPBFUT],5,20180827,183000,108430.000000,108520.000000,108410.000000,108460.000000,3059.000000
RIZ8 [SPBFUT],5,20180827,183500,108470.000000,108480.000000,108280.000000,108290.000000,3331.000000
RIZ8 [SPBFUT],5,20180827,184000,108300.000000,108320.000000,108230.000000,108270.000000,3198.000000
RIZ8 [SPBFUT],5,20180827,190000,108360.000000,108390.000000,108240.000000,108260.000000,1845.000000
RIZ8 [SPBFUT],5,20180827,190500,108260.000000,108330.000000,108230.000000,108320.000000,932.000000
RIZ8 [SPBFUT],5,20180827,191000,108320.000000,108380.000000,108300.000000,108350.000000,549.000000
RIZ8 [SPBFUT],5,20180827,191500,108360.000000,108370.000000,108280.000000,108290.000000,446.000000
RIZ8 [SPBFUT],5,20180827,192000,108290.000000,108410.000000,108280.000000,108360.000000,630.000000
RIZ8 [SPBFUT],5,20180827,192500,108370.000000,108410.000000,108310.000000,108330.000000,992.000000
RIZ8 [SPBFUT],5,20180827,193000,108340.000000,108380.000000,108270.000000,108290.000000,1765.000000
RIZ8 [SPBFUT],5,20180827,193500,108290.000000,108430.000000,108280.000000,108400.000000,945.000000
RIZ8 [SPBFUT],5,20180827,194000,108410.000000,108430.000000,108340.000000,108380.000000,795.000000
RIZ8 [SPBFUT],5,20180827,194500,108380.000000,108430.000000,108360.000000,108370.000000,798.000000
RIZ8 [SPBFUT],5,20180827,195000,108370.000000,108420.000000,108350.000000,108380.000000,749.000000
RIZ8 [SPBFUT],5,20180827,195500,108380.000000,108480.000000,108360.000000,108450.000000,1143.000000
RIZ8 [SPBFUT],5,20180827,200000,108450.000000,108490.000000,108400.000000,108410.000000,614.000000
RIZ8 [SPBFUT],5,20180827,200500,108420.000000,108440.000000,108390.000000,108400.000000,932.000000
RIZ8 [SPBFUT],5,20180827,201000,108410.000000,108440.000000,108320.000000,108370.000000,1216.000000
RIZ8 [SPBFUT],5,20180827,201500,108350.000000,108400.000000,108350.000000,108370.000000,304.000000
RIZ8 [SPBFUT],5,20180827,202000,108370.000000,108380.000000,108330.000000,108370.000000,353.000000
RIZ8 [SPBFUT],5,20180827,202500,108370.000000,108380.000000,108120.000000,108160.000000,2701.000000
RIZ8 [SPBFUT],5,20180827,203000,108150.000000,108280.000000,108080.000000,108130.000000,3608.000000
RIZ8 [SPBFUT],5,20180827,203500,108130.000000,108130.000000,107850.000000,107950.000000,3984.000000
RIZ8 [SPBFUT],5,20180827,204000,107940.000000,107960.000000,107760.000000,107900.000000,3772.000000
RIZ8 [SPBFUT],5,20180827,204500,107880.000000,108010.000000,107860.000000,107990.000000,2045.000000
RIZ8 [SPBFUT],5,20180827,205000,107990.000000,108020.000000,107820.000000,107950.000000,2526.000000
RIZ8 [SPBFUT],5,20180827,205500,107950.000000,107970.000000,107840.000000,107860.000000,1786.000000
RIZ8 [SPBFUT],5,20180827,210000,107850.000000,107880.000000,107720.000000,107810.000000,2161.000000
RIZ8 [SPBFUT],5,20180827,210500,107810.000000,107880.000000,107720.000000,107880.000000,1528.000000
RIZ8 [SPBFUT],5,20180827,211000,107870.000000,107870.000000,107720.000000,107800.000000,844.000000
RIZ8 [SPBFUT],5,20180827,211500,107800.000000,107860.000000,107770.000000,107860.000000,562.000000
RIZ8 [SPBFUT],5,20180827,212000,107860.000000,107870.000000,107800.000000,107820.000000,262.000000
RIZ8 [SPBFUT],5,20180827,212500,107810.000000,107980.000000,107800.000000,107980.000000,1518.000000
RIZ8 [SPBFUT],5,20180827,213000,107960.000000,108010.000000,107920.000000,107920.000000,999.000000
RIZ8 [SPBFUT],5,20180827,213500,107930.000000,108050.000000,107900.000000,108000.000000,1209.000000
RIZ8 [SPBFUT],5,20180827,214000,107980.000000,108030.000000,107960.000000,107980.000000,671.000000
RIZ8 [SPBFUT],5,20180827,214500,107980.000000,108050.000000,107970.000000,108020.000000,431.000000
RIZ8 [SPBFUT],5,20180827,215000,108020.000000,108040.000000,107910.000000,107950.000000,842.000000
RIZ8 [SPBFUT],5,20180827,215500,107940.000000,107960.000000,107930.000000,107940.000000,686.000000
RIZ8 [SPBFUT],5,20180827,220000,107950.000000,107950.000000,107880.000000,107910.000000,459.000000
RIZ8 [SPBFUT],5,20180827,220500,107900.000000,107930.000000,107860.000000,107860.000000,379.000000
RIZ8 [SPBFUT],5,20180827,221000,107860.000000,107930.000000,107860.000000,107880.000000,471.000000
RIZ8 [SPBFUT],5,20180827,221500,107860.000000,107900.000000,107800.000000,107890.000000,1001.000000
RIZ8 [SPBFUT],5,20180827,222000,107880.000000,107980.000000,107880.000000,107940.000000,581.000000
RIZ8 [SPBFUT],5,20180827,222500,107920.000000,107960.000000,107910.000000,107910.000000,181.000000
RIZ8 [SPBFUT],5,20180827,223000,107900.000000,107960.000000,107880.000000,107940.000000,523.000000
RIZ8 [SPBFUT],5,20180827,223500,107940.000000,107950.000000,107850.000000,107890.000000,369.000000
RIZ8 [SPBFUT],5,20180827,224000,107880.000000,107980.000000,107870.000000,107950.000000,326.000000
RIZ8 [SPBFUT],5,20180827,224500,107950.000000,107950.000000,107880.000000,107880.000000,249.000000
RIZ8 [SPBFUT],5,20180827,225000,107880.000000,107940.000000,107830.000000,107930.000000,926.000000
RIZ8 [SPBFUT],5,20180827,225500,107940.000000,108140.000000,107920.000000,108070.000000,1648.000000
RIZ8 [SPBFUT],5,20180827,230000,108060.000000,108080.000000,107950.000000,107960.000000,514.000000
RIZ8 [SPBFUT],5,20180827,230500,107960.000000,108050.000000,107960.000000,108040.000000,378.000000
RIZ8 [SPBFUT],5,20180827,231000,108030.000000,108100.000000,108000.000000,108100.000000,518.000000
RIZ8 [SPBFUT],5,20180827,231500,108100.000000,108100.000000,108000.000000,108070.000000,512.000000
RIZ8 [SPBFUT],5,20180827,232000,108060.000000,108070.000000,108020.000000,108040.000000,158.000000
RIZ8 [SPBFUT],5,20180827,232500,108050.000000,108100.000000,108040.000000,108080.000000,233.000000
RIZ8 [SPBFUT],5,20180827,233000,108080.000000,108100.000000,108000.000000,108010.000000,336.000000
RIZ8 [SPBFUT],5,20180827,233500,108010.000000,108050.000000,107950.000000,107960.000000,340.000000
RIZ8 [SPBFUT],5,20180827,234000,107970.000000,107970.000000,107900.000000,107930.000000,425.000000
RIZ8 [SPBFUT],5,20180827,234500,107930.000000,107980.000000,107880.000000,107980.000000,956.000000
