-- MySQL dump 10.13  Distrib 5.1.41, for debian-linux-gnu (x86_64)
--
-- Host: localhost    Database: aquila_gamma_test
-- ------------------------------------------------------
-- Server version	5.1.41-3ubuntu12.10

/*!40101 SET @OLD_CHARACTER_SET_CLIENT=@@CHARACTER_SET_CLIENT */;
/*!40101 SET @OLD_CHARACTER_SET_RESULTS=@@CHARACTER_SET_RESULTS */;
/*!40101 SET @OLD_COLLATION_CONNECTION=@@COLLATION_CONNECTION */;
/*!40101 SET NAMES utf8 */;
/*!40103 SET @OLD_TIME_ZONE=@@TIME_ZONE */;
/*!40103 SET TIME_ZONE='+00:00' */;
/*!40014 SET @OLD_UNIQUE_CHECKS=@@UNIQUE_CHECKS, UNIQUE_CHECKS=0 */;
/*!40014 SET @OLD_FOREIGN_KEY_CHECKS=@@FOREIGN_KEY_CHECKS, FOREIGN_KEY_CHECKS=0 */;
/*!40101 SET @OLD_SQL_MODE=@@SQL_MODE, SQL_MODE='NO_AUTO_VALUE_ON_ZERO' */;
/*!40111 SET @OLD_SQL_NOTES=@@SQL_NOTES, SQL_NOTES=0 */;

--
-- Table structure for table `test_quote_5m`
--

DROP TABLE IF EXISTS `test_quote_5m`;
/*!40101 SET @saved_cs_client     = @@character_set_client */;
/*!40101 SET character_set_client = utf8 */;
CREATE TABLE `test_quote_5m` (
  `period_time` timestamp NOT NULL DEFAULT CURRENT_TIMESTAMP ON UPDATE CURRENT_TIMESTAMP,
  `open` decimal(10,2) NOT NULL,
  `high` decimal(10,2) NOT NULL,
  `low` decimal(10,2) NOT NULL,
  `close` decimal(10,2) NOT NULL,
  `volume` bigint(20) NOT NULL,
  PRIMARY KEY (`period_time`)
) ENGINE=InnoDB DEFAULT CHARSET=utf8;
/*!40101 SET character_set_client = @saved_cs_client */;

--
-- Dumping data for table `test_quote_5m`
--

LOCK TABLES `test_quote_5m` WRITE;
/*!40000 ALTER TABLE `test_quote_5m` DISABLE KEYS */;
/*!40000 ALTER TABLE `test_quote_5m` ENABLE KEYS */;
UNLOCK TABLES;

--
-- Table structure for table `test_rts1m`
--

DROP TABLE IF EXISTS `test_rts1m`;
/*!40101 SET @saved_cs_client     = @@character_set_client */;
/*!40101 SET character_set_client = utf8 */;
CREATE TABLE `test_rts1m` (
  `period_time` timestamp NOT NULL DEFAULT CURRENT_TIMESTAMP ON UPDATE CURRENT_TIMESTAMP,
  `open` decimal(12,0) NOT NULL,
  `high` decimal(12,0) NOT NULL,
  `low` decimal(12,0) NOT NULL,
  `close` decimal(12,0) NOT NULL,
  `volume` bigint(20) NOT NULL,
  PRIMARY KEY (`period_time`)
) ENGINE=InnoDB DEFAULT CHARSET=utf8;
/*!40101 SET character_set_client = @saved_cs_client */;

--
-- Dumping data for table `test_rts1m`
--

LOCK TABLES `test_rts1m` WRITE;
/*!40000 ALTER TABLE `test_rts1m` DISABLE KEYS */;
INSERT INTO `test_rts1m` VALUES ('2012-01-05 06:00:00','143345','143345','142810','142850',3845),('2012-01-05 06:01:00','142825','142935','142700','142935',1995),('2012-01-05 06:02:00','142925','142935','142820','142905',629),('2012-01-05 06:03:00','142905','142925','142830','142850',407),('2012-01-05 06:04:00','142845','142945','142835','142855',964),('2012-01-05 06:05:00','142870','143035','142800','143015',1675),('2012-01-05 06:06:00','143030','143095','143000','143070',732),('2012-01-05 06:07:00','143055','143275','143055','143215',1632),('2012-01-05 06:08:00','143210','143325','143210','143295',973),('2012-01-05 06:09:00','143275','143400','143260','143400',1722),('2012-01-05 06:10:00','143395','143550','143310','143545',2119),('2012-01-05 06:11:00','143545','143550','143390','143400',1289),('2012-01-05 06:12:00','143400','143515','143390','143485',955),('2012-01-05 06:13:00','143485','143655','143475','143630',1324),('2012-01-05 06:14:00','143605','143700','143555','143650',1495),('2012-01-05 06:15:00','143665','143850','143595','143720',3271),('2012-01-05 06:16:00','143725','143750','143560','143615',936),('2012-01-05 06:17:00','143615','143630','143530','143565',452),('2012-01-05 06:18:00','143545','143570','143435','143460',747),('2012-01-05 06:19:00','143460','143545','143430','143530',592),('2012-01-05 06:20:00','143510','143560','143465','143535',580),('2012-01-05 06:21:00','143535','143730','143525','143670',678),('2012-01-05 06:22:00','143655','143715','143585','143590',393),('2012-01-05 06:23:00','143610','143620','143490','143490',461),('2012-01-05 06:24:00','143500','143520','143480','143480',336),('2012-01-05 06:25:00','143500','143645','143470','143615',741),('2012-01-05 06:26:00','143610','143615','143425','143445',955),('2012-01-05 06:27:00','143440','143485','143400','143420',661),('2012-01-05 06:28:00','143410','143465','143400','143420',371),('2012-01-05 06:29:00','143415','143485','143405','143485',347),('2012-01-05 06:30:00','143470','143550','143450','143510',707),('2012-01-05 06:31:00','143510','143550','143480','143490',360),('2012-01-05 06:32:00','143490','143540','143475','143475',237),('2012-01-05 06:33:00','143480','143490','143445','143445',398),('2012-01-05 06:34:00','143445','143515','143445','143495',306),('2012-01-05 06:35:00','143490','143525','143460','143470',326),('2012-01-05 06:36:00','143460','143465','143405','143435',356),('2012-01-05 06:37:00','143430','143440','143180','143210',1867),('2012-01-05 06:38:00','143195','143305','143190','143270',979),('2012-01-05 06:39:00','143275','143315','143120','143155',741),('2012-01-05 06:40:00','143135','143250','143120','143150',1350),('2012-01-05 06:41:00','143160','143205','143125','143150',545),('2012-01-05 06:42:00','143160','143220','143100','143125',857),('2012-01-05 06:43:00','143120','143160','143070','143155',472),('2012-01-05 06:44:00','143145','143275','143095','143205',1643),('2012-01-05 06:45:00','143210','143255','143180','143230',440),('2012-01-05 06:46:00','143230','143235','143115','143190',566),('2012-01-05 06:47:00','143205','143220','143145','143200',363),('2012-01-05 06:48:00','143210','143340','143205','143300',408),('2012-01-05 06:49:00','143300','143320','143180','143230',411),('2012-01-05 06:50:00','143225','143265','143205','143225',292),('2012-01-05 06:51:00','143225','143245','143155','143220',447),('2012-01-05 06:52:00','143220','143285','143220','143255',190),('2012-01-05 06:53:00','143255','143275','143165','143210',181),('2012-01-05 06:54:00','143210','143235','143185','143185',262),('2012-01-05 06:55:00','143185','143290','143185','143250',284),('2012-01-05 06:56:00','143255','143295','143225','143265',312),('2012-01-05 06:57:00','143260','143300','143225','143290',280),('2012-01-05 06:58:00','143295','143320','143250','143310',424),('2012-01-05 06:59:00','143305','143385','143300','143385',768),('2012-01-05 07:00:00','143385','143385','143210','143235',877),('2012-01-05 07:01:00','143230','143330','143175','143195',727),('2012-01-05 07:02:00','143195','143230','143075','143140',1669),('2012-01-05 07:03:00','143160','143245','143135','143155',442),('2012-01-05 07:04:00','143165','143240','143155','143220',224),('2012-01-05 07:05:00','143220','143275','143155','143255',493),('2012-01-05 07:06:00','143265','143275','143155','143190',332),('2012-01-05 07:07:00','143200','143250','143155','143225',285),('2012-01-05 07:08:00','143220','143300','143215','143260',534),('2012-01-05 07:09:00','143265','143315','143210','143245',379),('2012-01-05 07:10:00','143245','143305','143245','143280',155),('2012-01-05 07:11:00','143280','143335','143225','143225',454),('2012-01-05 07:12:00','143230','143245','143130','143175',486),('2012-01-05 07:13:00','143170','143215','143085','143145',430),('2012-01-05 07:14:00','143150','143150','142945','142985',1943),('2012-01-05 07:15:00','142990','143060','142880','143015',1637),('2012-01-05 07:16:00','143010','143055','143000','143025',374),('2012-01-05 07:17:00','143010','143020','142940','143020',233),('2012-01-05 07:18:00','143020','143095','143010','143050',750),('2012-01-05 07:19:00','143050','143070','142975','143035',467),('2012-01-05 07:20:00','143040','143040','142955','143005',377),('2012-01-05 07:21:00','143005','143185','142990','143110',702),('2012-01-05 07:22:00','143110','143130','142980','143035',612),('2012-01-05 07:23:00','143025','143040','142890','142975',838),('2012-01-05 07:24:00','142965','142995','142935','142945',356),('2012-01-05 07:25:00','142955','142965','142855','142900',1290),('2012-01-05 07:26:00','142905','143085','142875','143000',1051),('2012-01-05 07:27:00','143000','143085','142965','143055',774),('2012-01-05 07:28:00','143070','143080','143000','143005',218),('2012-01-05 07:29:00','143010','143140','143000','143060',506),('2012-01-05 07:30:00','143060','143175','143030','143130',873),('2012-01-05 07:31:00','143130','143150','143100','143135',198),('2012-01-05 07:32:00','143135','143135','143050','143060',219),('2012-01-05 07:33:00','143070','143100','143065','143075',139),('2012-01-05 07:34:00','143075','143145','143055','143135',264),('2012-01-05 07:35:00','143125','143145','143085','143145',215),('2012-01-05 07:36:00','143140','143240','143135','143215',692),('2012-01-05 07:37:00','143215','143285','143200','143260',663),('2012-01-05 07:38:00','143260','143260','143230','143240',299),('2012-01-05 07:39:00','143255','143300','143245','143285',809),('2012-01-05 07:40:00','143265','143450','143260','143400',2941),('2012-01-05 07:41:00','143405','143415','143310','143335',687),('2012-01-05 07:42:00','143335','143420','143325','143405',486),('2012-01-05 07:43:00','143405','143420','143345','143405',445),('2012-01-05 07:44:00','143400','143635','143400','143630',2070),('2012-01-05 07:45:00','143605','143795','143585','143645',2711),('2012-01-05 07:46:00','143645','143770','143625','143680',1068),('2012-01-05 07:47:00','143665','143680','143625','143650',344),('2012-01-05 07:48:00','143645','143735','143610','143695',739),('2012-01-05 07:49:00','143690','143740','143650','143670',1072),('2012-01-05 07:50:00','143665','143675','143610','143650',445),('2012-01-05 07:51:00','143640','143725','143620','143705',310),('2012-01-05 07:52:00','143715','143770','143625','143710',783),('2012-01-05 07:53:00','143710','143925','143705','143840',2583),('2012-01-05 07:54:00','143840','144010','143785','144010',2099),('2012-01-05 07:55:00','144010','144295','143945','144255',5467),('2012-01-05 07:56:00','144260','144275','144070','144085',2541),('2012-01-05 07:57:00','144100','144230','144075','144185',1549),('2012-01-05 07:58:00','144185','144200','144085','144090',803),('2012-01-05 07:59:00','144100','144130','144000','144060',1650),('2012-01-05 08:00:00','144060','144180','143975','144010',2178),('2012-01-05 08:01:00','144020','144065','143850','143855',1605),('2012-01-05 08:02:00','143850','143900','143775','143880',1678),('2012-01-05 08:03:00','143880','144035','143835','143980',1262),('2012-01-05 08:04:00','143990','144125','143975','143980',958),('2012-01-05 08:05:00','143980','144090','143975','144070',383),('2012-01-05 08:06:00','144045','144095','143905','143965',1165),('2012-01-05 08:07:00','143960','144015','143910','143975',315),('2012-01-05 08:08:00','143985','143990','143775','143815',802),('2012-01-05 08:09:00','143815','143830','143610','143675',1940),('2012-01-05 08:10:00','143680','143715','143610','143640',915),('2012-01-05 08:11:00','143640','143660','143320','143420',3061),('2012-01-05 08:12:00','143410','143520','143335','143520',1333),('2012-01-05 08:13:00','143520','143590','143440','143590',1153),('2012-01-05 08:14:00','143585','143600','143505','143575',667),('2012-01-05 08:15:00','143575','143590','143425','143450',1088),('2012-01-05 08:16:00','143445','143505','143380','143420',993),('2012-01-05 08:17:00','143420','143525','143405','143510',562),('2012-01-05 08:18:00','143505','143650','143490','143625',877),('2012-01-05 08:19:00','143645','143670','143560','143595',690),('2012-01-05 08:20:00','143595','143765','143590','143650',1239),('2012-01-05 08:21:00','143640','143665','143555','143565',568),('2012-01-05 08:22:00','143565','143600','143500','143555',981),('2012-01-05 08:23:00','143560','143585','143515','143525',295),('2012-01-05 08:24:00','143520','143555','143390','143390',1010),('2012-01-05 08:25:00','143390','143430','143255','143420',2591),('2012-01-05 08:26:00','143405','143485','143360','143400',440),('2012-01-05 08:27:00','143400','143540','143400','143425',730),('2012-01-05 08:28:00','143430','143460','143215','143240',1109),('2012-01-05 08:29:00','143250','143320','142900','142915',2898),('2012-01-05 08:30:00','142930','142960','142255','142565',11336),('2012-01-05 08:31:00','142550','142550','142350','142465',3047),('2012-01-05 08:32:00','142470','142490','142350','142470',2011),('2012-01-05 08:33:00','142470','142515','142405','142490',1208),('2012-01-05 08:34:00','142495','142670','142410','142610',1341),('2012-01-05 08:35:00','142605','142620','142480','142590',938),('2012-01-05 08:36:00','142570','142720','142495','142680',844),('2012-01-05 08:37:00','142680','142680','142565','142640',727),('2012-01-05 08:38:00','142630','142745','142625','142725',697),('2012-01-05 08:39:00','142720','142765','142550','142565',791),('2012-01-05 08:40:00','142575','142660','142565','142595',551),('2012-01-05 08:41:00','142580','142650','142480','142570',894),('2012-01-05 08:42:00','142560','142620','142480','142515',705),('2012-01-05 08:43:00','142515','142515','142335','142470',1065),('2012-01-05 08:44:00','142470','142470','142200','142225',2755),('2012-01-05 08:45:00','142225','142350','142105','142310',4293),('2012-01-05 08:46:00','142305','142340','142155','142195',1160),('2012-01-05 08:47:00','142215','142340','142115','142195',1548),('2012-01-05 08:48:00','142195','142245','142115','142165',996),('2012-01-05 08:49:00','142140','142150','142005','142100',2886),('2012-01-05 08:50:00','142105','142115','142005','142005',1485),('2012-01-05 08:51:00','142005','142150','142005','142090',1025),('2012-01-05 08:52:00','142100','142150','141900','142105',4420),('2012-01-05 08:53:00','142115','142135','142025','142055',924),('2012-01-05 08:54:00','142045','142055','141820','141820',2475),('2012-01-05 08:55:00','141830','142085','141780','142050',2694),('2012-01-05 08:56:00','142050','142055','141940','142010',943),('2012-01-05 08:57:00','142005','142120','141955','142000',1305),('2012-01-05 08:58:00','142020','142115','141860','141985',1308),('2012-01-05 08:59:00','141985','142295','141945','141970',2554),('2012-01-05 09:00:00','141955','142175','141930','142150',2502),('2012-01-05 09:01:00','142150','142190','142015','142045',938),('2012-01-05 09:02:00','142055','142100','141930','142010',693),('2012-01-05 09:03:00','142010','142050','141820','141860',2182),('2012-01-05 09:04:00','141870','141980','141800','141895',1923),('2012-01-05 09:05:00','141885','141925','141680','141905',3525),('2012-01-05 09:06:00','141895','141950','141810','141880',1846),('2012-01-05 09:07:00','141880','142075','141880','141975',1002),('2012-01-05 09:08:00','142000','142105','141970','142100',608),('2012-01-05 09:09:00','142090','142180','142035','142085',1833),('2012-01-05 09:10:00','142090','142190','142065','142135',1612),('2012-01-05 09:11:00','142135','142140','141935','141935',890),('2012-01-05 09:12:00','141935','141960','141850','141865',1352),('2012-01-05 09:13:00','141870','141955','141700','141755',2201),('2012-01-05 09:14:00','141770','141845','141645','141690',2352),('2012-01-05 09:15:00','141690','141845','141650','141730',978),('2012-01-05 09:16:00','141730','141780','141600','141765',1290),('2012-01-05 09:17:00','141760','141875','141740','141800',913),('2012-01-05 09:18:00','141810','141820','141675','141775',1102),('2012-01-05 09:19:00','141770','141805','141620','141660',696),('2012-01-05 09:20:00','141655','141790','141635','141720',843),('2012-01-05 09:21:00','141720','141830','141695','141750',956),('2012-01-05 09:22:00','141745','141885','141740','141860',656),('2012-01-05 09:23:00','141860','141940','141820','141930',643),('2012-01-05 09:24:00','141935','142000','141800','141885',1621),('2012-01-05 09:25:00','141885','141885','141770','141880',729),('2012-01-05 09:26:00','141880','141985','141845','141925',803),('2012-01-05 09:27:00','141905','141905','141790','141825',283),('2012-01-05 09:28:00','141830','141960','141815','141960',408),('2012-01-05 09:29:00','141960','141995','141900','141965',672),('2012-01-05 09:30:00','141965','142035','141920','141920',795),('2012-01-05 09:31:00','141920','142070','141920','142060',570),('2012-01-05 09:32:00','142055','142130','141935','141950',970),('2012-01-05 09:33:00','141945','142000','141785','141850',1785),('2012-01-05 09:34:00','141850','141925','141835','141880',490),('2012-01-05 09:35:00','141880','141950','141830','141945',582),('2012-01-05 09:36:00','141945','142100','141930','142035',1366),('2012-01-05 09:37:00','142005','142055','141965','141965',695),('2012-01-05 09:38:00','141980','141980','141870','141875',640),('2012-01-05 09:39:00','141875','141995','141870','141950',489),('2012-01-05 09:40:00','141950','142020','141920','141955',517),('2012-01-05 09:41:00','141960','142070','141950','142055',612),('2012-01-05 09:42:00','142055','142070','142000','142035',615),('2012-01-05 09:43:00','142040','142045','141980','142025',204),('2012-01-05 09:44:00','142015','142200','141995','142125',1674),('2012-01-05 09:45:00','142125','142155','142100','142125',711),('2012-01-05 09:46:00','142135','142170','142030','142095',613),('2012-01-05 09:47:00','142090','142110','142035','142105',340),('2012-01-05 09:48:00','142105','142105','141870','141900',506),('2012-01-05 09:49:00','141900','141900','141655','141690',1896),('2012-01-05 09:50:00','141690','141825','141665','141790',1412),('2012-01-05 09:51:00','141770','141810','141720','141765',660),('2012-01-05 09:52:00','141765','141785','141210','141295',6389),('2012-01-05 09:53:00','141300','141400','141205','141345',2718),('2012-01-05 09:54:00','141345','141375','141210','141305',1629),('2012-01-05 09:55:00','141320','141335','141150','141180',2515),('2012-01-05 09:56:00','141175','141260','141160','141205',981),('2012-01-05 09:57:00','141210','141245','141165','141175',1266),('2012-01-05 09:58:00','141170','141220','141160','141220',933),('2012-01-05 09:59:00','141220','141265','140885','140945',3894),('2012-01-05 10:03:00','140950','141165','140950','141065',3967),('2012-01-05 10:04:00','141090','141145','140980','141050',3133),('2012-01-05 10:05:00','141040','141125','141005','141030',1527),('2012-01-05 10:06:00','141030','141080','140820','140845',2947),('2012-01-05 10:07:00','140840','140875','140815','140850',1250),('2012-01-05 10:08:00','140850','141060','140835','140905',1787),('2012-01-05 10:09:00','140915','141040','140885','141040',592),('2012-01-05 10:10:00','141045','141075','140935','140945',865),('2012-01-05 10:11:00','140945','140980','140885','140980',537),('2012-01-05 10:12:00','140970','140980','140865','140905',485),('2012-01-05 10:13:00','140910','140940','140835','140925',574),('2012-01-05 10:14:00','140905','141070','140870','140890',1251),('2012-01-05 10:15:00','140895','141030','140750','140800',4403),('2012-01-05 10:16:00','140800','140970','140780','140965',2143),('2012-01-05 10:17:00','140970','140970','140715','140785',1195),('2012-01-05 10:18:00','140775','140890','140680','140785',1247),('2012-01-05 10:19:00','140795','140895','140755','140865',1951),('2012-01-05 10:20:00','140860','140860','140750','140835',569),('2012-01-05 10:21:00','140840','140880','140815','140840',662),('2012-01-05 10:22:00','140835','140860','140790','140860',278),('2012-01-05 10:23:00','140835','141020','140835','141000',1401),('2012-01-05 10:24:00','141000','141015','140925','140965',504),('2012-01-05 10:25:00','140950','140965','140895','140925',286),('2012-01-05 10:26:00','140910','141245','140890','141135',1568),('2012-01-05 10:27:00','141140','141320','141090','141250',2036),('2012-01-05 10:28:00','141250','141330','141245','141245',1142),('2012-01-05 10:29:00','141250','141280','141205','141205',369),('2012-01-05 10:30:00','141220','141270','141130','141180',527),('2012-01-05 10:31:00','141165','141215','141160','141175',234),('2012-01-05 10:32:00','141175','141180','141095','141115',390),('2012-01-05 10:33:00','141125','141145','141060','141105',402),('2012-01-05 10:34:00','141110','141130','141035','141075',439),('2012-01-05 10:35:00','141065','141080','140980','141030',531),('2012-01-05 10:36:00','141025','141080','140905','140925',661),('2012-01-05 10:37:00','140925','140975','140780','140835',1499),('2012-01-05 10:38:00','140835','140870','140550','140610',2581),('2012-01-05 10:39:00','140620','140705','140580','140700',1317),('2012-01-05 10:40:00','140695','140705','140400','140480',2722),('2012-01-05 10:41:00','140490','140520','140320','140390',2992),('2012-01-05 10:42:00','140395','140435','140360','140395',743),('2012-01-05 10:43:00','140395','140565','140390','140540',918),('2012-01-05 10:44:00','140530','140560','140450','140455',799),('2012-01-05 10:45:00','140455','140545','140400','140520',773),('2012-01-05 10:46:00','140530','140560','140330','140440',1650),('2012-01-05 10:47:00','140440','140440','140185','140235',3203),('2012-01-05 10:48:00','140220','140355','140170','140325',1955),('2012-01-05 10:49:00','140320','140500','140270','140500',1044),('2012-01-05 10:50:00','140500','140505','140395','140455',616),('2012-01-05 10:51:00','140455','140525','140400','140500',705),('2012-01-05 10:52:00','140495','140555','140460','140515',797),('2012-01-05 10:53:00','140515','140560','140435','140470',858),('2012-01-05 10:54:00','140480','140485','140440','140455',221),('2012-01-05 10:55:00','140460','140535','140460','140525',301),('2012-01-05 10:56:00','140535','140535','140430','140460',554),('2012-01-05 10:57:00','140460','140500','140455','140460',255),('2012-01-05 10:58:00','140480','140485','140275','140305',1087),('2012-01-05 10:59:00','140310','140345','140200','140225',2116),('2012-01-05 11:00:00','140250','140305','140110','140290',2057),('2012-01-05 11:01:00','140285','140325','140135','140165',1197),('2012-01-05 11:02:00','140180','140360','140145','140330',997),('2012-01-05 11:03:00','140340','140425','140305','140425',790),('2012-01-05 11:04:00','140415','140475','140390','140435',663),('2012-01-05 11:05:00','140455','140520','140360','140385',860),('2012-01-05 11:06:00','140380','140450','140365','140405',367),('2012-01-05 11:07:00','140420','140520','140420','140460',518),('2012-01-05 11:08:00','140465','140540','140455','140495',395),('2012-01-05 11:09:00','140510','140630','140470','140630',1097),('2012-01-05 11:10:00','140625','140845','140565','140805',2623),('2012-01-05 11:11:00','140805','140810','140520','140520',2432),('2012-01-05 11:12:00','140525','140550','140435','140550',787),('2012-01-05 11:13:00','140550','140585','140500','140520',657),('2012-01-05 11:14:00','140515','140600','140465','140600',1802),('2012-01-05 11:15:00','140600','140610','140435','140495',528),('2012-01-05 11:16:00','140475','140595','140435','140525',547),('2012-01-05 11:17:00','140525','140550','140395','140395',437),('2012-01-05 11:18:00','140400','140490','140350','140350',807),('2012-01-05 11:19:00','140360','140400','140320','140400',879),('2012-01-05 11:20:00','140400','140450','140250','140280',1490),('2012-01-05 11:21:00','140285','140400','140250','140400',762),('2012-01-05 11:22:00','140400','140495','140390','140495',772),('2012-01-05 11:23:00','140480','140505','140405','140475',493),('2012-01-05 11:24:00','140485','140500','140400','140440',434),('2012-01-05 11:25:00','140430','140430','140250','140315',933),('2012-01-05 11:26:00','140310','140455','140310','140370',764),('2012-01-05 11:27:00','140360','140380','140250','140250',1089),('2012-01-05 11:28:00','140250','140375','140250','140340',581),('2012-01-05 11:29:00','140355','140365','140265','140350',340),('2012-01-05 11:30:00','140350','140375','140270','140290',402),('2012-01-05 11:31:00','140275','140300','140175','140300',898),('2012-01-05 11:32:00','140295','140435','140205','140265',847),('2012-01-05 11:33:00','140245','140265','140200','140235',193),('2012-01-05 11:34:00','140255','140365','140230','140230',413),('2012-01-05 11:35:00','140230','140410','140225','140355',543),('2012-01-05 11:36:00','140355','140355','140250','140300',298),('2012-01-05 11:37:00','140285','140330','140260','140305',171),('2012-01-05 11:38:00','140310','140320','140150','140155',795),('2012-01-05 11:39:00','140175','140175','139915','140010',6416),('2012-01-05 11:40:00','140010','140095','139955','140060',864),('2012-01-05 11:41:00','140070','140155','140050','140145',743),('2012-01-05 11:42:00','140145','140240','140145','140230',1295),('2012-01-05 11:43:00','140220','140285','140135','140270',832),('2012-01-05 11:44:00','140270','140435','140250','140405',1418),('2012-01-05 11:45:00','140360','140395','140260','140300',915),('2012-01-05 11:46:00','140305','140385','140250','140375',827),('2012-01-05 11:47:00','140380','140395','140305','140360',259),('2012-01-05 11:48:00','140355','140420','140325','140405',305),('2012-01-05 11:49:00','140395','140415','140315','140355',311),('2012-01-05 11:50:00','140355','140395','140330','140350',371),('2012-01-05 11:51:00','140350','140520','140345','140490',1273),('2012-01-05 11:52:00','140475','140550','140445','140470',416),('2012-01-05 11:53:00','140470','140520','140415','140450',302),('2012-01-05 11:54:00','140460','140490','140320','140350',635),('2012-01-05 11:55:00','140350','140400','140310','140380',366),('2012-01-05 11:56:00','140375','140425','140365','140405',182),('2012-01-05 11:57:00','140415','140490','140405','140485',408),('2012-01-05 11:58:00','140480','140550','140440','140500',670),('2012-01-05 11:59:00','140500','140560','140500','140545',393),('2012-01-05 12:00:00','140545','140565','140470','140510',1033),('2012-01-05 12:01:00','140500','140530','140425','140495',664),('2012-01-05 12:02:00','140500','140500','140335','140340',392),('2012-01-05 12:03:00','140345','140400','140290','140400',787),('2012-01-05 12:04:00','140400','140430','140330','140400',541),('2012-01-05 12:05:00','140410','140455','140370','140435',312),('2012-01-05 12:06:00','140435','140570','140415','140565',726),('2012-01-05 12:07:00','140570','140600','140465','140500',794),('2012-01-05 12:08:00','140485','140530','140470','140515',256),('2012-01-05 12:09:00','140520','140590','140480','140590',461),('2012-01-05 12:10:00','140580','140680','140565','140600',975),('2012-01-05 12:11:00','140610','140625','140515','140560',636),('2012-01-05 12:12:00','140565','140625','140515','140530',503),('2012-01-05 12:13:00','140515','140545','140460','140495',526),('2012-01-05 12:14:00','140475','140520','140475','140520',534),('2012-01-05 12:15:00','140520','140600','140480','140485',547),('2012-01-05 12:16:00','140490','140520','140365','140385',826),('2012-01-05 12:17:00','140405','140475','140295','140345',1052),('2012-01-05 12:18:00','140350','140365','140300','140345',238),('2012-01-05 12:19:00','140345','140470','140345','140420',367),('2012-01-05 12:20:00','140425','140505','140415','140465',412),('2012-01-05 12:21:00','140450','140590','140440','140520',476),('2012-01-05 12:22:00','140530','140545','140480','140530',249),('2012-01-05 12:23:00','140525','140535','140460','140500',486),('2012-01-05 12:24:00','140490','140500','140455','140475',225),('2012-01-05 12:25:00','140465','140495','140445','140485',290),('2012-01-05 12:26:00','140485','140485','140335','140355',1262),('2012-01-05 12:27:00','140355','140390','140310','140380',423),('2012-01-05 12:28:00','140380','140490','140340','140430',1668),('2012-01-05 12:29:00','140430','140465','140360','140385',890),('2012-01-05 12:30:00','140380','140470','140370','140460',629),('2012-01-05 12:31:00','140460','140495','140445','140460',317),('2012-01-05 12:32:00','140460','140465','140380','140380',718),('2012-01-05 12:33:00','140385','140410','140360','140380',253),('2012-01-05 12:34:00','140375','140450','140375','140420',265),('2012-01-05 12:35:00','140420','140450','140400','140420',643),('2012-01-05 12:36:00','140405','140450','140405','140435',131),('2012-01-05 12:37:00','140435','140435','140400','140410',171),('2012-01-05 12:38:00','140405','140440','140400','140420',202),('2012-01-05 12:39:00','140425','140500','140415','140440',791),('2012-01-05 12:40:00','140470','140500','140430','140490',318),('2012-01-05 12:41:00','140485','140575','140480','140540',725),('2012-01-05 12:42:00','140540','140730','140530','140670',2012),('2012-01-05 12:43:00','140670','140735','140640','140670',641),('2012-01-05 12:44:00','140670','140710','140560','140580',746),('2012-01-05 12:45:00','140575','140600','140540','140595',255),('2012-01-05 12:46:00','140580','140595','140515','140575',279),('2012-01-05 12:47:00','140590','140600','140460','140495',526),('2012-01-05 12:48:00','140495','140545','140485','140505',297),('2012-01-05 12:49:00','140515','140545','140470','140495',397),('2012-01-05 12:50:00','140480','140540','140450','140505',807),('2012-01-05 12:51:00','140495','140520','140475','140500',108),('2012-01-05 12:52:00','140500','140560','140475','140555',292),('2012-01-05 12:53:00','140560','140585','140450','140510',521),('2012-01-05 12:54:00','140520','140520','140470','140500',136),('2012-01-05 12:55:00','140490','140535','140460','140465',355),('2012-01-05 12:56:00','140465','140475','140400','140475',603),('2012-01-05 12:57:00','140475','140500','140450','140450',241),('2012-01-05 12:58:00','140460','140530','140450','140505',187),('2012-01-05 12:59:00','140510','140510','140450','140470',235),('2012-01-05 13:00:00','140455','140455','140225','140230',2254),('2012-01-05 13:01:00','140255','140370','140180','140350',916),('2012-01-05 13:02:00','140355','140355','140285','140300',231),('2012-01-05 13:03:00','140300','140450','140280','140405',656),('2012-01-05 13:04:00','140405','140415','140270','140275',770),('2012-01-05 13:05:00','140280','140440','140275','140440',654),('2012-01-05 13:06:00','140435','140705','140420','140650',2445),('2012-01-05 13:07:00','140650','140670','140600','140625',470),('2012-01-05 13:08:00','140610','140890','140600','140845',2211),('2012-01-05 13:09:00','140835','140850','140755','140850',834),('2012-01-05 13:10:00','140840','140920','140795','140815',1000),('2012-01-05 13:11:00','140815','140815','140620','140655',651),('2012-01-05 13:12:00','140640','140720','140615','140715',536),('2012-01-05 13:13:00','140705','140825','140705','140725',547),('2012-01-05 13:14:00','140730','140880','140675','140860',779),('2012-01-05 13:15:00','140855','141455','140855','141340',9530),('2012-01-05 13:16:00','141330','141360','141160','141225',3666),('2012-01-05 13:17:00','141205','141360','140860','141050',3634),('2012-01-05 13:18:00','141030','141175','140950','140985',1897),('2012-01-05 13:19:00','140965','141035','140730','140795',1667),('2012-01-05 13:20:00','140795','140980','140775','140920',1839),('2012-01-05 13:21:00','140920','140985','140815','140855',1040),('2012-01-05 13:22:00','140860','140945','140835','140905',974),('2012-01-05 13:23:00','140900','141090','140855','141010',1028),('2012-01-05 13:24:00','141010','141100','141005','141100',523),('2012-01-05 13:25:00','141100','141305','141080','141220',1838),('2012-01-05 13:26:00','141230','141320','141200','141220',1451),('2012-01-05 13:27:00','141235','141345','141220','141225',1224),('2012-01-05 13:28:00','141225','141330','141200','141320',956),('2012-01-05 13:29:00','141310','141400','141220','141375',1778),('2012-01-05 13:30:00','141375','141805','141375','141600',7232),('2012-01-05 13:31:00','141605','141610','141320','141355',1719),('2012-01-05 13:32:00','141340','141440','141105','141215',1790),('2012-01-05 13:33:00','141220','141365','141210','141330',736),('2012-01-05 13:34:00','141330','141340','141270','141285',922),('2012-01-05 13:35:00','141280','141350','141265','141300',712),('2012-01-05 13:36:00','141290','141300','141180','141230',979),('2012-01-05 13:37:00','141250','141315','141240','141285',489),('2012-01-05 13:38:00','141285','141330','141270','141320',473),('2012-01-05 13:39:00','141310','141380','141260','141265',607),('2012-01-05 13:40:00','141265','141295','141135','141255',1933),('2012-01-05 13:41:00','141270','141480','141265','141455',752),('2012-01-05 13:42:00','141475','141645','141450','141575',1692),('2012-01-05 13:43:00','141570','141600','141510','141540',725),('2012-01-05 13:44:00','141540','141590','141475','141560',1127),('2012-01-05 13:45:00','141540','141685','141530','141665',1351),('2012-01-05 13:46:00','141650','141715','141600','141615',945),('2012-01-05 13:47:00','141620','141630','141400','141450',1963),('2012-01-05 13:48:00','141460','141545','141415','141425',503),('2012-01-05 13:49:00','141440','141575','141415','141540',688),('2012-01-05 13:50:00','141550','141555','141425','141440',491),('2012-01-05 13:51:00','141425','141445','141380','141410',398),('2012-01-05 13:52:00','141410','141475','141405','141430',251),('2012-01-05 13:53:00','141425','141500','141410','141500',345),('2012-01-05 13:54:00','141500','141505','141330','141500',1582),('2012-01-05 13:55:00','141505','141525','141425','141460',992),('2012-01-05 13:56:00','141470','141545','141450','141500',1712),('2012-01-05 13:57:00','141505','141740','141500','141630',1925),('2012-01-05 13:58:00','141635','141700','141620','141655',763),('2012-01-05 13:59:00','141665','141960','141665','141950',3682),('2012-01-05 14:00:00','141925','141985','141745','141900',2908),('2012-01-05 14:01:00','141905','142100','141900','142035',5533),('2012-01-05 14:02:00','142035','142170','142010','142050',2034),('2012-01-05 14:03:00','142050','142055','141930','141940',1801),('2012-01-05 14:04:00','141935','141990','141860','141915',2459),('2012-01-05 14:05:00','141915','141985','141880','141880',1546),('2012-01-05 14:06:00','141880','141975','141865','141890',998),('2012-01-05 14:07:00','141885','141970','141820','141915',1134),('2012-01-05 14:08:00','141910','141940','141875','141915',520),('2012-01-05 14:09:00','141915','141920','141815','141815',789),('2012-01-05 14:10:00','141835','141840','141730','141820',1180),('2012-01-05 14:11:00','141830','141895','141815','141840',534),('2012-01-05 14:12:00','141830','141870','141750','141825',499),('2012-01-05 14:13:00','141830','141970','141815','141920',806),('2012-01-05 14:14:00','141930','141935','141835','141895',530),('2012-01-05 14:15:00','141890','141935','141800','141825',687),('2012-01-05 14:16:00','141825','141865','141790','141845',344),('2012-01-05 14:17:00','141850','141850','141650','141710',919),('2012-01-05 14:18:00','141710','141730','141660','141685',508),('2012-01-05 14:19:00','141675','141700','141650','141660',732),('2012-01-05 14:20:00','141655','141680','141620','141625',537),('2012-01-05 14:21:00','141620','141690','141615','141680',345),('2012-01-05 14:22:00','141690','141700','141655','141655',242),('2012-01-05 14:23:00','141650','141700','141575','141640',678),('2012-01-05 14:24:00','141630','141735','141625','141705',402),('2012-01-05 14:25:00','141720','141760','141685','141755',549),('2012-01-05 14:26:00','141750','141755','141690','141750',318),('2012-01-05 14:27:00','141750','141750','141655','141675',234),('2012-01-05 14:28:00','141675','141685','141555','141575',414),('2012-01-05 14:29:00','141565','141635','141450','141510',1644),('2012-01-05 14:30:00','141515','141730','141515','141675',1506),('2012-01-05 14:31:00','141675','141680','141530','141565',666),('2012-01-05 14:32:00','141575','141575','141315','141340',1642),('2012-01-05 14:33:00','141340','141460','141320','141450',1058),('2012-01-05 14:34:00','141435','141535','141405','141505',964),('2012-01-05 14:35:00','141490','141605','141370','141400',1879),('2012-01-05 14:36:00','141405','141415','141150','141215',2507),('2012-01-05 14:37:00','141195','141350','141145','141200',2910),('2012-01-05 14:38:00','141190','141200','141060','141060',1715),('2012-01-05 14:39:00','141080','141125','140930','140965',2497),('2012-01-05 14:40:00','140970','140990','140815','140870',2672),('2012-01-05 14:41:00','140870','140905','140725','140745',2026),('2012-01-05 14:42:00','140800','140865','140640','140700',1338),('2012-01-05 14:43:00','140685','140780','140440','140475',4287),('2012-01-05 14:44:00','140475','140490','140185','140340',5953),('2012-01-05 15:00:00','140490','140780','140210','140495',2756),('2012-01-05 15:01:00','140495','140655','140435','140455',1211),('2012-01-05 15:02:00','140445','140455','140265','140360',1246),('2012-01-05 15:03:00','140395','140580','140360','140560',983),('2012-01-05 15:04:00','140555','140680','140520','140570',866),('2012-01-05 15:05:00','140575','140595','140385','140430',617),('2012-01-05 15:06:00','140435','140500','140430','140470',443),('2012-01-05 15:07:00','140485','140570','140395','140490',1069),('2012-01-05 15:08:00','140480','140730','140425','140730',811),('2012-01-05 15:09:00','140730','140975','140585','140790',1721),('2012-01-05 15:10:00','140790','140790','140610','140635',686),('2012-01-05 15:11:00','140630','140800','140615','140765',720),('2012-01-05 15:12:00','140760','140800','140735','140770',386),('2012-01-05 15:13:00','140775','140870','140730','140860',886),('2012-01-05 15:14:00','140855','140940','140760','140905',1200),('2012-01-05 15:15:00','140895','141030','140890','140985',927),('2012-01-05 15:16:00','141000','141000','140835','140855',675),('2012-01-05 15:17:00','140835','140875','140755','140820',450),('2012-01-05 15:18:00','140840','140895','140720','140775',505),('2012-01-05 15:19:00','140805','140845','140770','140795',231),('2012-01-05 15:20:00','140790','140840','140670','140720',558),('2012-01-05 15:21:00','140735','140775','140695','140760',287),('2012-01-05 15:22:00','140750','140765','140705','140745',165),('2012-01-05 15:23:00','140750','140870','140745','140825',421),('2012-01-05 15:24:00','140835','140945','140810','140915',575),('2012-01-05 15:25:00','140915','140955','140835','140950',468),('2012-01-05 15:26:00','140945','141005','140930','140980',711),('2012-01-05 15:27:00','140965','141090','140950','140980',866),('2012-01-05 15:28:00','140980','141030','140870','140885',635),('2012-01-05 15:29:00','140880','140920','140870','140870',148),('2012-01-05 15:30:00','140890','140920','140865','140880',243),('2012-01-05 15:31:00','140875','140900','140820','140860',342),('2012-01-05 15:32:00','140850','140905','140725','140730',709),('2012-01-05 15:33:00','140735','140825','140735','140780',524),('2012-01-05 15:34:00','140760','140820','140760','140800',404),('2012-01-05 15:35:00','140800','140810','140615','140695',850),('2012-01-05 15:36:00','140680','140790','140680','140695',408),('2012-01-05 15:37:00','140685','140750','140680','140750',168),('2012-01-05 15:38:00','140745','140815','140745','140770',263),('2012-01-05 15:39:00','140775','140795','140720','140765',548),('2012-01-05 15:40:00','140755','140845','140750','140825',355),('2012-01-05 15:41:00','140845','140875','140800','140825',248),('2012-01-05 15:42:00','140825','140890','140825','140845',275),('2012-01-05 15:43:00','140835','140855','140695','140730',469),('2012-01-05 15:44:00','140730','140730','140505','140550',939),('2012-01-05 15:45:00','140535','140670','140480','140665',940),('2012-01-05 15:46:00','140655','140665','140595','140650',435),('2012-01-05 15:47:00','140665','140745','140615','140725',303),('2012-01-05 15:48:00','140720','140730','140600','140670',231),('2012-01-05 15:49:00','140665','140665','140615','140625',164),('2012-01-05 15:50:00','140625','140650','140585','140630',266),('2012-01-05 15:51:00','140635','140655','140600','140605',127),('2012-01-05 15:52:00','140620','140685','140620','140660',273),('2012-01-05 15:53:00','140645','140720','140605','140605',431),('2012-01-05 15:54:00','140610','140625','140555','140590',388),('2012-01-05 15:55:00','140600','140635','140600','140600',225),('2012-01-05 15:56:00','140590','140600','140540','140585',147),('2012-01-05 15:57:00','140575','140650','140540','140630',256),('2012-01-05 15:58:00','140615','140650','140590','140645',337),('2012-01-05 15:59:00','140625','140685','140610','140675',314),('2012-01-05 16:00:00','140665','140810','140580','140745',1325),('2012-01-05 16:01:00','140720','140825','140690','140815',463),('2012-01-05 16:02:00','140815','140875','140765','140825',850),('2012-01-05 16:03:00','140805','140940','140780','140905',762),('2012-01-05 16:04:00','140920','140955','140900','140905',590),('2012-01-05 16:05:00','140920','140950','140825','140885',366),('2012-01-05 16:06:00','140885','140900','140815','140835',371),('2012-01-05 16:07:00','140835','140845','140775','140820',426),('2012-01-05 16:08:00','140835','140895','140835','140870',335),('2012-01-05 16:09:00','140875','140885','140815','140825',159),('2012-01-05 16:10:00','140820','140870','140805','140855',241),('2012-01-05 16:11:00','140855','140975','140835','140850',684),('2012-01-05 16:12:00','140860','140860','140775','140825',345),('2012-01-05 16:13:00','140820','140870','140805','140845',158),('2012-01-05 16:14:00','140835','140895','140825','140885',281),('2012-01-05 16:15:00','140885','140900','140830','140860',163),('2012-01-05 16:16:00','140865','140935','140850','140935',349),('2012-01-05 16:17:00','140920','140935','140805','140835',389),('2012-01-05 16:18:00','140825','140825','140760','140760',359),('2012-01-05 16:19:00','140780','140840','140685','140715',371),('2012-01-05 16:20:00','140720','140775','140710','140775',213),('2012-01-05 16:21:00','140780','140865','140780','140825',402),('2012-01-05 16:22:00','140830','140990','140830','140985',547),('2012-01-05 16:23:00','140985','141000','140940','140950',547),('2012-01-05 16:24:00','140955','141025','140950','141025',345),('2012-01-05 16:25:00','141020','141195','141020','141185',1250),('2012-01-05 16:26:00','141175','141195','141070','141100',527),('2012-01-05 16:27:00','141090','141100','141030','141060',388),('2012-01-05 16:28:00','141075','141175','141075','141175',410),('2012-01-05 16:29:00','141175','141220','141175','141205',999),('2012-01-05 16:30:00','141215','141275','141190','141210',1209),('2012-01-05 16:31:00','141205','141335','141200','141280',615),('2012-01-05 16:32:00','141280','141325','141225','141230',440),('2012-01-05 16:33:00','141220','141240','141165','141195',262),('2012-01-05 16:34:00','141200','141200','141100','141155',601),('2012-01-05 16:35:00','141140','141195','141135','141155',228),('2012-01-05 16:36:00','141155','141155','141075','141085',377),('2012-01-05 16:37:00','141090','141130','141060','141110',277),('2012-01-05 16:38:00','141115','141200','141115','141190',187),('2012-01-05 16:39:00','141195','141220','141170','141210',246),('2012-01-05 16:40:00','141210','141325','141210','141240',731),('2012-01-05 16:41:00','141250','141295','141170','141225',770),('2012-01-05 16:42:00','141235','141235','141170','141185',151),('2012-01-05 16:43:00','141185','141190','141130','141150',223),('2012-01-05 16:44:00','141140','141190','141140','141190',119),('2012-01-05 16:45:00','141200','141255','141195','141215',260),('2012-01-05 16:46:00','141220','141225','141135','141170',218),('2012-01-05 16:47:00','141170','141210','141130','141200',350),('2012-01-05 16:48:00','141190','141205','141175','141195',70),('2012-01-05 16:49:00','141180','141210','141175','141175',431),('2012-01-05 16:50:00','141190','141210','141165','141185',156),('2012-01-05 16:51:00','141170','141190','141115','141115',243),('2012-01-05 16:52:00','141115','141170','141110','141170',289),('2012-01-05 16:53:00','141165','141185','141100','141110',246),('2012-01-05 16:54:00','141125','141125','141055','141080',445),('2012-01-05 16:55:00','141085','141140','141085','141110',234),('2012-01-05 16:56:00','141105','141205','141105','141200',276),('2012-01-05 16:57:00','141180','141190','141145','141150',89),('2012-01-05 16:58:00','141150','141155','141085','141090',306),('2012-01-05 16:59:00','141090','141115','141060','141080',324),('2012-01-05 17:00:00','141095','141175','141095','141155',251),('2012-01-05 17:01:00','141140','141155','141090','141090',173),('2012-01-05 17:02:00','141090','141120','141075','141085',161),('2012-01-05 17:03:00','141080','141120','141070','141120',145),('2012-01-05 17:04:00','141125','141130','141090','141105',97),('2012-01-05 17:05:00','141120','141150','141105','141135',167),('2012-01-05 17:06:00','141135','141150','141095','141115',189),('2012-01-05 17:07:00','141110','141160','141110','141120',131),('2012-01-05 17:08:00','141115','141200','141110','141200',176),('2012-01-05 17:09:00','141190','141210','141155','141165',243),('2012-01-05 17:10:00','141160','141285','141155','141260',491),('2012-01-05 17:11:00','141245','141290','141185','141210',186),('2012-01-05 17:12:00','141210','141230','141190','141195',102),('2012-01-05 17:13:00','141190','141215','141165','141185',129),('2012-01-05 17:14:00','141185','141185','141125','141125',187),('2012-01-05 17:15:00','141125','141200','141125','141195',190),('2012-01-05 17:16:00','141200','141270','141200','141250',276),('2012-01-05 17:17:00','141250','141375','141230','141375',730),('2012-01-05 17:18:00','141360','141405','141285','141320',1133),('2012-01-05 17:19:00','141340','141375','141295','141375',252),('2012-01-05 17:20:00','141370','141385','141205','141245',798),('2012-01-05 17:21:00','141265','141335','141250','141265',456),('2012-01-05 17:22:00','141250','141300','141245','141260',206),('2012-01-05 17:23:00','141265','141275','141155','141155',590),('2012-01-05 17:24:00','141155','141185','141105','141185',670),('2012-01-05 17:25:00','141190','141260','141155','141250',255),('2012-01-05 17:26:00','141250','141270','141210','141245',217),('2012-01-05 17:27:00','141260','141265','141235','141250',80),('2012-01-05 17:28:00','141240','141240','141215','141230',67),('2012-01-05 17:29:00','141225','141225','141150','141165',180),('2012-01-05 17:30:00','141170','141180','141155','141170',179),('2012-01-05 17:31:00','141155','141195','141150','141155',218),('2012-01-05 17:32:00','141155','141180','141135','141140',178),('2012-01-05 17:33:00','141155','141155','141115','141135',236),('2012-01-05 17:34:00','141140','141170','141125','141125',86),('2012-01-05 17:35:00','141125','141180','141125','141140',173),('2012-01-05 17:36:00','141145','141160','141135','141155',23),('2012-01-05 17:37:00','141140','141140','141080','141105',264),('2012-01-05 17:38:00','141120','141150','141100','141150',134),('2012-01-05 17:39:00','141145','141150','141120','141120',30),('2012-01-05 17:40:00','141120','141135','141090','141135',99),('2012-01-05 17:41:00','141140','141145','141105','141135',168),('2012-01-05 17:42:00','141145','141180','141120','141170',128),('2012-01-05 17:43:00','141175','141230','141170','141180',353),('2012-01-05 17:44:00','141190','141230','141160','141160',158),('2012-01-05 17:45:00','141165','141215','141160','141215',87),('2012-01-05 17:46:00','141200','141200','141170','141170',198),('2012-01-05 17:47:00','141180','141200','141170','141185',186),('2012-01-05 17:48:00','141190','141300','141185','141270',734),('2012-01-05 17:49:00','141275','141280','141185','141245',215),('2012-01-05 17:50:00','141265','141330','141255','141325',516),('2012-01-05 17:51:00','141315','141465','141310','141450',1134),('2012-01-05 17:52:00','141435','141490','141310','141325',756),('2012-01-05 17:53:00','141330','141390','141320','141360',237),('2012-01-05 17:54:00','141370','141435','141360','141400',457),('2012-01-05 17:55:00','141390','141480','141390','141445',371),('2012-01-05 17:56:00','141460','141500','141410','141490',690),('2012-01-05 17:57:00','141495','141500','141440','141465',357),('2012-01-05 17:58:00','141460','141470','141425','141455',220),('2012-01-05 17:59:00','141455','141520','141455','141505',306),('2012-01-05 18:00:00','141505','141745','141450','141575',2297),('2012-01-05 18:01:00','141595','141660','141575','141600',362),('2012-01-05 18:02:00','141590','141640','141580','141590',430),('2012-01-05 18:03:00','141585','141595','141470','141490',596),('2012-01-05 18:04:00','141485','141535','141455','141480',482),('2012-01-05 18:05:00','141485','141525','141425','141450',726),('2012-01-05 18:06:00','141450','141550','141385','141410',1176),('2012-01-05 18:07:00','141405','141495','141380','141390',428),('2012-01-05 18:08:00','141390','141430','141385','141400',198),('2012-01-05 18:09:00','141400','141470','141395','141450',192),('2012-01-05 18:10:00','141445','141490','141430','141470',208),('2012-01-05 18:11:00','141475','141490','141450','141470',108),('2012-01-05 18:12:00','141460','141465','141420','141440',82),('2012-01-05 18:13:00','141440','141500','141420','141485',511),('2012-01-05 18:14:00','141485','141500','141310','141370',1026),('2012-01-05 18:15:00','141375','141410','141355','141385',217),('2012-01-05 18:16:00','141375','141400','141365','141385',49),('2012-01-05 18:17:00','141380','141380','141285','141320',277),('2012-01-05 18:18:00','141315','141340','141295','141340',246),('2012-01-05 18:19:00','141340','141345','141295','141310',210),('2012-01-05 18:20:00','141320','141320','141280','141295',297),('2012-01-05 18:21:00','141290','141340','141285','141330',227),('2012-01-05 18:22:00','141335','141395','141325','141365',521),('2012-01-05 18:23:00','141370','141410','141360','141390',173),('2012-01-05 18:24:00','141390','141390','141340','141370',197),('2012-01-05 18:25:00','141370','141400','141325','141365',452),('2012-01-05 18:26:00','141360','141445','141330','141445',303),('2012-01-05 18:27:00','141435','141495','141400','141400',339),('2012-01-05 18:28:00','141415','141420','141380','141400',130),('2012-01-05 18:29:00','141425','141455','141405','141435',167),('2012-01-05 18:30:00','141445','141445','141380','141410',404),('2012-01-05 18:31:00','141425','141445','141390','141425',232),('2012-01-05 18:32:00','141410','141425','141305','141390',681),('2012-01-05 18:33:00','141385','141420','141360','141360',94),('2012-01-05 18:34:00','141385','141415','141365','141370',54),('2012-01-05 18:35:00','141365','141415','141360','141390',192),('2012-01-05 18:36:00','141400','141425','141390','141420',143),('2012-01-05 18:37:00','141415','141455','141415','141455',111),('2012-01-05 18:38:00','141450','141470','141425','141430',147),('2012-01-05 18:39:00','141440','141440','141405','141405',91),('2012-01-05 18:40:00','141410','141450','141385','141450',271),('2012-01-05 18:41:00','141450','141500','141430','141455',396),('2012-01-05 18:42:00','141475','141650','141465','141620',813),('2012-01-05 18:43:00','141635','141640','141570','141600',331),('2012-01-05 18:44:00','141600','141600','141525','141555',351),('2012-01-05 18:45:00','141540','141590','141475','141500',379),('2012-01-05 18:46:00','141500','141515','141470','141490',240),('2012-01-05 18:47:00','141490','141500','141465','141500',128),('2012-01-05 18:48:00','141500','141515','141485','141515',171),('2012-01-05 18:49:00','141520','141525','141470','141485',148),('2012-01-05 18:50:00','141495','141515','141480','141500',121),('2012-01-05 18:51:00','141500','141525','141500','141515',62),('2012-01-05 18:52:00','141510','141535','141505','141510',137),('2012-01-05 18:53:00','141525','141535','141505','141535',94),('2012-01-05 18:54:00','141530','141540','141490','141495',279),('2012-01-05 18:55:00','141510','141525','141495','141495',51),('2012-01-05 18:56:00','141495','141500','141455','141480',173),('2012-01-05 18:57:00','141475','141520','141470','141515',188),('2012-01-05 18:58:00','141505','141515','141490','141510',54),('2012-01-05 18:59:00','141510','141515','141475','141500',97),('2012-01-05 19:00:00','141495','141620','141495','141545',687),('2012-01-05 19:01:00','141530','141835','141530','141555',1718),('2012-01-05 19:02:00','141545','141660','141530','141615',1187),('2012-01-05 19:03:00','141610','141625','141585','141600',75),('2012-01-05 19:04:00','141600','141615','141575','141605',144),('2012-01-05 19:05:00','141605','141670','141605','141650',257),('2012-01-05 19:06:00','141650','141740','141625','141725',633),('2012-01-05 19:07:00','141730','141745','141550','141585',647),('2012-01-05 19:08:00','141585','141600','141540','141575',203),('2012-01-05 19:09:00','141580','141585','141555','141585',98),('2012-01-05 19:10:00','141585','141590','141550','141565',185),('2012-01-05 19:11:00','141570','141600','141560','141600',137),('2012-01-05 19:12:00','141600','141640','141600','141625',129),('2012-01-05 19:13:00','141620','141625','141580','141580',108),('2012-01-05 19:14:00','141590','141590','141560','141585',102),('2012-01-05 19:15:00','141570','141585','141485','141485',558),('2012-01-05 19:16:00','141485','141540','141455','141525',350),('2012-01-05 19:17:00','141530','141545','141510','141530',87),('2012-01-05 19:18:00','141530','141530','141500','141500',174),('2012-01-05 19:19:00','141495','141500','141455','141500',256),('2012-01-05 19:20:00','141495','141510','141400','141410',427),('2012-01-05 19:21:00','141415','141440','141365','141405',361),('2012-01-05 19:22:00','141400','141400','141380','141395',105),('2012-01-05 19:23:00','141385','141415','141385','141400',126),('2012-01-05 19:24:00','141390','141475','141390','141435',268),('2012-01-05 19:25:00','141465','141500','141420','141435',315),('2012-01-05 19:26:00','141425','141430','141350','141385',402),('2012-01-05 19:27:00','141395','141405','141355','141355',97),('2012-01-05 19:28:00','141355','141365','141310','141310',412),('2012-01-05 19:29:00','141310','141320','141180','141185',1232),('2012-01-05 19:30:00','141180','141250','141130','141250',814),('2012-01-05 19:31:00','141240','141320','141235','141275',273),('2012-01-05 19:32:00','141265','141265','141185','141190',370),('2012-01-05 19:33:00','141205','141215','141165','141190',173),('2012-01-05 19:34:00','141180','141215','141180','141195',286),('2012-01-05 19:35:00','141180','141220','141160','141165',178),('2012-01-05 19:36:00','141170','141170','141000','141040',1826),('2012-01-05 19:37:00','141025','141135','141000','141095',748),('2012-01-05 19:38:00','141095','141110','141025','141085',387),('2012-01-05 19:39:00','141070','141110','141040','141110',155),('2012-01-05 19:40:00','141115','141135','141055','141110',224),('2012-01-05 19:41:00','141110','141115','141055','141100',285),('2012-01-05 19:42:00','141100','141160','141095','141135',202),('2012-01-05 19:43:00','141135','141195','141135','141145',183),('2012-01-05 19:44:00','141165','141200','141085','141125',570),('2012-01-05 19:45:00','141125','141160','140935','141045',968),('2012-01-05 19:46:00','141025','141050','140950','141035',545),('2012-01-05 19:47:00','141030','141080','140820','140930',1179),('2012-01-05 19:48:00','140930','140970','140850','140935',756),('2012-01-05 19:49:00','140925','141000','140855','140995',708);
/*!40000 ALTER TABLE `test_rts1m` ENABLE KEYS */;
UNLOCK TABLES;

--
-- Table structure for table `test_rts3m`
--

DROP TABLE IF EXISTS `test_rts3m`;
/*!40101 SET @saved_cs_client     = @@character_set_client */;
/*!40101 SET character_set_client = utf8 */;
CREATE TABLE `test_rts3m` (
  `period_time` timestamp NOT NULL DEFAULT CURRENT_TIMESTAMP ON UPDATE CURRENT_TIMESTAMP,
  `open` decimal(12,0) NOT NULL,
  `high` decimal(12,0) NOT NULL,
  `low` decimal(12,0) NOT NULL,
  `close` decimal(12,0) NOT NULL,
  `volume` bigint(20) NOT NULL,
  PRIMARY KEY (`period_time`)
) ENGINE=InnoDB DEFAULT CHARSET=utf8;
/*!40101 SET character_set_client = @saved_cs_client */;

--
-- Dumping data for table `test_rts3m`
--

LOCK TABLES `test_rts3m` WRITE;
/*!40000 ALTER TABLE `test_rts3m` DISABLE KEYS */;
INSERT INTO `test_rts3m` VALUES ('2012-01-05 06:00:00','143345','143345','142700','142905',6469),('2012-01-05 06:03:00','142905','143035','142800','143015',3046),('2012-01-05 06:06:00','143030','143325','143000','143295',3337),('2012-01-05 06:09:00','143275','143550','143260','143400',5130),('2012-01-05 06:12:00','143400','143700','143390','143650',3774),('2012-01-05 06:15:00','143665','143850','143530','143565',4659),('2012-01-05 06:18:00','143545','143570','143430','143535',1919),('2012-01-05 06:21:00','143535','143730','143490','143490',1532),('2012-01-05 06:24:00','143500','143645','143425','143445',2032),('2012-01-05 06:27:00','143440','143485','143400','143485',1379),('2012-01-05 06:30:00','143470','143550','143450','143475',1304),('2012-01-05 06:33:00','143480','143525','143445','143470',1030),('2012-01-05 06:36:00','143460','143465','143180','143270',3202),('2012-01-05 06:39:00','143275','143315','143120','143150',2636),('2012-01-05 06:42:00','143160','143275','143070','143205',2972),('2012-01-05 06:45:00','143210','143255','143115','143200',1369),('2012-01-05 06:48:00','143210','143340','143180','143225',1111),('2012-01-05 06:51:00','143225','143285','143155','143210',818),('2012-01-05 06:54:00','143210','143295','143185','143265',858),('2012-01-05 06:57:00','143260','143385','143225','143385',1472),('2012-01-05 07:00:00','143385','143385','143075','143140',3273),('2012-01-05 07:03:00','143160','143275','143135','143255',1159),('2012-01-05 07:06:00','143265','143300','143155','143260',1151),('2012-01-05 07:09:00','143265','143335','143210','143225',988),('2012-01-05 07:12:00','143230','143245','142945','142985',2859),('2012-01-05 07:15:00','142990','143060','142880','143020',2244),('2012-01-05 07:18:00','143020','143095','142955','143005',1594),('2012-01-05 07:21:00','143005','143185','142890','142975',2152),('2012-01-05 07:24:00','142965','143085','142855','143000',2697),('2012-01-05 07:27:00','143000','143140','142965','143060',1498),('2012-01-05 07:30:00','143060','143175','143030','143060',1290),('2012-01-05 07:33:00','143070','143145','143055','143145',618),('2012-01-05 07:36:00','143140','143285','143135','143240',1654),('2012-01-05 07:39:00','143255','143450','143245','143335',4437),('2012-01-05 07:42:00','143335','143635','143325','143630',3001),('2012-01-05 07:45:00','143605','143795','143585','143650',4123),('2012-01-05 07:48:00','143645','143740','143610','143650',2256),('2012-01-05 07:51:00','143640','143925','143620','143840',3676),('2012-01-05 07:54:00','143840','144295','143785','144085',10107),('2012-01-05 07:57:00','144100','144230','144000','144060',4002),('2012-01-05 08:00:00','144060','144180','143775','143880',5461),('2012-01-05 08:03:00','143880','144125','143835','144070',2603),('2012-01-05 08:06:00','144045','144095','143775','143815',2282),('2012-01-05 08:09:00','143815','143830','143320','143420',5916),('2012-01-05 08:12:00','143410','143600','143335','143575',3153),('2012-01-05 08:15:00','143575','143590','143380','143510',2643),('2012-01-05 08:18:00','143505','143765','143490','143650',2806),('2012-01-05 08:21:00','143640','143665','143500','143525',1844),('2012-01-05 08:24:00','143520','143555','143255','143400',4041),('2012-01-05 08:27:00','143400','143540','142900','142915',4737),('2012-01-05 08:30:00','142930','142960','142255','142470',16394),('2012-01-05 08:33:00','142470','142670','142405','142590',3487),('2012-01-05 08:36:00','142570','142745','142495','142725',2268),('2012-01-05 08:39:00','142720','142765','142480','142570',2236),('2012-01-05 08:42:00','142560','142620','142200','142225',4525),('2012-01-05 08:45:00','142225','142350','142105','142195',7001),('2012-01-05 08:48:00','142195','142245','142005','142005',5367),('2012-01-05 08:51:00','142005','142150','141900','142055',6369),('2012-01-05 08:54:00','142045','142085','141780','142010',6112),('2012-01-05 08:57:00','142005','142295','141860','141970',5167),('2012-01-05 09:00:00','141955','142190','141930','142010',4133),('2012-01-05 09:03:00','142010','142050','141680','141905',7630),('2012-01-05 09:06:00','141895','142105','141810','142100',3456),('2012-01-05 09:09:00','142090','142190','141935','141935',4335),('2012-01-05 09:12:00','141935','141960','141645','141690',5905),('2012-01-05 09:15:00','141690','141875','141600','141800',3181),('2012-01-05 09:18:00','141810','141820','141620','141720',2641),('2012-01-05 09:21:00','141720','141940','141695','141930',2255),('2012-01-05 09:24:00','141935','142000','141770','141925',3153),('2012-01-05 09:27:00','141905','141995','141790','141965',1363),('2012-01-05 09:30:00','141965','142130','141920','141950',2335),('2012-01-05 09:33:00','141945','142000','141785','141945',2857),('2012-01-05 09:36:00','141945','142100','141870','141875',2701),('2012-01-05 09:39:00','141875','142070','141870','142055',1618),('2012-01-05 09:42:00','142055','142200','141980','142125',2493),('2012-01-05 09:45:00','142125','142170','142030','142105',1664),('2012-01-05 09:48:00','142105','142105','141655','141790',3814),('2012-01-05 09:51:00','141770','141810','141205','141345',9767),('2012-01-05 09:54:00','141345','141375','141150','141205',5125),('2012-01-05 09:57:00','141210','141265','140885','140945',6093),('2012-01-05 10:03:00','140950','141165','140950','141030',8627),('2012-01-05 10:06:00','141030','141080','140815','140905',5984),('2012-01-05 10:09:00','140915','141075','140885','140980',1994),('2012-01-05 10:12:00','140970','141070','140835','140890',2310),('2012-01-05 10:15:00','140895','141030','140715','140785',7741),('2012-01-05 10:18:00','140775','140895','140680','140835',3767),('2012-01-05 10:21:00','140840','141020','140790','141000',2341),('2012-01-05 10:24:00','141000','141245','140890','141135',2358),('2012-01-05 10:27:00','141140','141330','141090','141205',3547),('2012-01-05 10:30:00','141220','141270','141095','141115',1151),('2012-01-05 10:33:00','141125','141145','140980','141030',1372),('2012-01-05 10:36:00','141025','141080','140550','140610',4741),('2012-01-05 10:39:00','140620','140705','140320','140390',7031),('2012-01-05 10:42:00','140395','140565','140360','140455',2460),('2012-01-05 10:45:00','140455','140560','140185','140235',5626),('2012-01-05 10:48:00','140220','140505','140170','140455',3615),('2012-01-05 10:51:00','140455','140560','140400','140470',2360),('2012-01-05 10:54:00','140480','140535','140430','140460',1076),('2012-01-05 10:57:00','140460','140500','140200','140225',3458),('2012-01-05 11:00:00','140250','140360','140110','140330',4251),('2012-01-05 11:03:00','140340','140520','140305','140385',2313),('2012-01-05 11:06:00','140380','140540','140365','140495',1280),('2012-01-05 11:09:00','140510','140845','140470','140520',6152),('2012-01-05 11:12:00','140525','140600','140435','140600',3246),('2012-01-05 11:15:00','140600','140610','140395','140395',1512),('2012-01-05 11:18:00','140400','140490','140250','140280',3176),('2012-01-05 11:21:00','140285','140505','140250','140475',2027),('2012-01-05 11:24:00','140485','140500','140250','140370',2131),('2012-01-05 11:27:00','140360','140380','140250','140350',2010),('2012-01-05 11:30:00','140350','140435','140175','140265',2147),('2012-01-05 11:33:00','140245','140410','140200','140355',1149),('2012-01-05 11:36:00','140355','140355','140150','140155',1264),('2012-01-05 11:39:00','140175','140175','139915','140145',8023),('2012-01-05 11:42:00','140145','140435','140135','140405',3545),('2012-01-05 11:45:00','140360','140395','140250','140360',2001),('2012-01-05 11:48:00','140355','140420','140315','140350',987),('2012-01-05 11:51:00','140350','140550','140345','140450',1991),('2012-01-05 11:54:00','140460','140490','140310','140405',1183),('2012-01-05 11:57:00','140415','140560','140405','140545',1471),('2012-01-05 12:00:00','140545','140565','140335','140340',2089),('2012-01-05 12:03:00','140345','140455','140290','140435',1640),('2012-01-05 12:06:00','140435','140600','140415','140515',1776),('2012-01-05 12:09:00','140520','140680','140480','140560',2072),('2012-01-05 12:12:00','140565','140625','140460','140520',1563),('2012-01-05 12:15:00','140520','140600','140295','140345',2425),('2012-01-05 12:18:00','140350','140505','140300','140465',1017),('2012-01-05 12:21:00','140450','140590','140440','140500',1211),('2012-01-05 12:24:00','140490','140500','140335','140355',1777),('2012-01-05 12:27:00','140355','140490','140310','140385',2981),('2012-01-05 12:30:00','140380','140495','140370','140380',1664),('2012-01-05 12:33:00','140385','140450','140360','140420',1161),('2012-01-05 12:36:00','140405','140450','140400','140420',504),('2012-01-05 12:39:00','140425','140575','140415','140540',1834),('2012-01-05 12:42:00','140540','140735','140530','140580',3399),('2012-01-05 12:45:00','140575','140600','140460','140495',1060),('2012-01-05 12:48:00','140495','140545','140450','140505',1501),('2012-01-05 12:51:00','140495','140585','140450','140510',921),('2012-01-05 12:54:00','140520','140535','140400','140475',1094),('2012-01-05 12:57:00','140475','140530','140450','140470',663),('2012-01-05 13:00:00','140455','140455','140180','140300',3401),('2012-01-05 13:03:00','140300','140450','140270','140440',2080),('2012-01-05 13:06:00','140435','140890','140420','140845',5126),('2012-01-05 13:09:00','140835','140920','140620','140655',2485),('2012-01-05 13:12:00','140640','140880','140615','140860',1862),('2012-01-05 13:15:00','140855','141455','140855','141050',16830),('2012-01-05 13:18:00','141030','141175','140730','140920',5403),('2012-01-05 13:21:00','140920','141090','140815','141010',3042),('2012-01-05 13:24:00','141010','141320','141005','141220',3812),('2012-01-05 13:27:00','141235','141400','141200','141375',3958),('2012-01-05 13:30:00','141375','141805','141105','141215',10741),('2012-01-05 13:33:00','141220','141365','141210','141300',2370),('2012-01-05 13:36:00','141290','141330','141180','141320',1941),('2012-01-05 13:39:00','141310','141480','141135','141455',3292),('2012-01-05 13:42:00','141475','141645','141450','141560',3544),('2012-01-05 13:45:00','141540','141715','141400','141450',4259),('2012-01-05 13:48:00','141460','141575','141415','141440',1682),('2012-01-05 13:51:00','141425','141500','141380','141500',994),('2012-01-05 13:54:00','141500','141545','141330','141500',4286),('2012-01-05 13:57:00','141505','141960','141500','141950',6370),('2012-01-05 14:00:00','141925','142170','141745','142050',10475),('2012-01-05 14:03:00','142050','142055','141860','141880',5806),('2012-01-05 14:06:00','141880','141975','141820','141915',2652),('2012-01-05 14:09:00','141915','141920','141730','141840',2503),('2012-01-05 14:12:00','141830','141970','141750','141895',1835),('2012-01-05 14:15:00','141890','141935','141650','141710',1950),('2012-01-05 14:18:00','141710','141730','141620','141625',1777),('2012-01-05 14:21:00','141620','141700','141575','141640',1265),('2012-01-05 14:24:00','141630','141760','141625','141750',1269),('2012-01-05 14:27:00','141750','141750','141450','141510',2292),('2012-01-05 14:30:00','141515','141730','141315','141340',3814),('2012-01-05 14:33:00','141340','141605','141320','141400',3901),('2012-01-05 14:36:00','141405','141415','141060','141060',7132),('2012-01-05 14:39:00','141080','141125','140725','140745',7195),('2012-01-05 14:42:00','140800','140865','140185','140340',11578),('2012-01-05 15:00:00','140490','140780','140210','140360',5213),('2012-01-05 15:03:00','140395','140680','140360','140430',2466),('2012-01-05 15:06:00','140435','140730','140395','140730',2323),('2012-01-05 15:09:00','140730','140975','140585','140765',3127),('2012-01-05 15:12:00','140760','140940','140730','140905',2472),('2012-01-05 15:15:00','140895','141030','140755','140820',2052),('2012-01-05 15:18:00','140840','140895','140670','140720',1294),('2012-01-05 15:21:00','140735','140870','140695','140825',873),('2012-01-05 15:24:00','140835','141005','140810','140980',1754),('2012-01-05 15:27:00','140965','141090','140870','140870',1649),('2012-01-05 15:30:00','140890','140920','140725','140730',1294),('2012-01-05 15:33:00','140735','140825','140615','140695',1778),('2012-01-05 15:36:00','140680','140815','140680','140770',839),('2012-01-05 15:39:00','140775','140875','140720','140825',1151),('2012-01-05 15:42:00','140825','140890','140505','140550',1683),('2012-01-05 15:45:00','140535','140745','140480','140725',1678),('2012-01-05 15:48:00','140720','140730','140585','140630',661),('2012-01-05 15:51:00','140635','140720','140600','140605',831),('2012-01-05 15:54:00','140610','140635','140540','140585',760),('2012-01-05 15:57:00','140575','140685','140540','140675',907),('2012-01-05 16:00:00','140665','140875','140580','140825',2638),('2012-01-05 16:03:00','140805','140955','140780','140885',1718),('2012-01-05 16:06:00','140885','140900','140775','140870',1132),('2012-01-05 16:09:00','140875','140975','140805','140850',1084),('2012-01-05 16:12:00','140860','140895','140775','140885',784),('2012-01-05 16:15:00','140885','140935','140805','140835',901),('2012-01-05 16:18:00','140825','140840','140685','140775',943),('2012-01-05 16:21:00','140780','141000','140780','140950',1496),('2012-01-05 16:24:00','140955','141195','140950','141100',2122),('2012-01-05 16:27:00','141090','141220','141030','141205',1797),('2012-01-05 16:30:00','141215','141335','141190','141230',2264),('2012-01-05 16:33:00','141220','141240','141100','141155',1091),('2012-01-05 16:36:00','141155','141200','141060','141190',841),('2012-01-05 16:39:00','141195','141325','141170','141225',1747),('2012-01-05 16:42:00','141235','141235','141130','141190',493),('2012-01-05 16:45:00','141200','141255','141130','141200',828),('2012-01-05 16:48:00','141190','141210','141165','141185',657),('2012-01-05 16:51:00','141170','141190','141100','141110',778),('2012-01-05 16:54:00','141125','141205','141055','141200',955),('2012-01-05 16:57:00','141180','141190','141060','141080',719),('2012-01-05 17:00:00','141095','141175','141075','141085',585),('2012-01-05 17:03:00','141080','141150','141070','141135',409),('2012-01-05 17:06:00','141135','141200','141095','141200',496),('2012-01-05 17:09:00','141190','141290','141155','141210',920),('2012-01-05 17:12:00','141210','141230','141125','141125',418),('2012-01-05 17:15:00','141125','141375','141125','141375',1196),('2012-01-05 17:18:00','141360','141405','141205','141245',2183),('2012-01-05 17:21:00','141265','141335','141155','141155',1252),('2012-01-05 17:24:00','141155','141270','141105','141245',1142),('2012-01-05 17:27:00','141260','141265','141150','141165',327),('2012-01-05 17:30:00','141170','141195','141135','141140',575),('2012-01-05 17:33:00','141155','141180','141115','141140',495),('2012-01-05 17:36:00','141145','141160','141080','141150',421),('2012-01-05 17:39:00','141145','141150','141090','141135',297),('2012-01-05 17:42:00','141145','141230','141120','141160',639),('2012-01-05 17:45:00','141165','141215','141160','141185',471),('2012-01-05 17:48:00','141190','141330','141185','141325',1465),('2012-01-05 17:51:00','141315','141490','141310','141360',2127),('2012-01-05 17:54:00','141370','141500','141360','141490',1518),('2012-01-05 17:57:00','141495','141520','141425','141505',883),('2012-01-05 18:00:00','141505','141745','141450','141590',3089),('2012-01-05 18:03:00','141585','141595','141425','141450',1804),('2012-01-05 18:06:00','141450','141550','141380','141400',1802),('2012-01-05 18:09:00','141400','141490','141395','141470',508),('2012-01-05 18:12:00','141460','141500','141310','141370',1619),('2012-01-05 18:15:00','141375','141410','141285','141320',543),('2012-01-05 18:18:00','141315','141345','141280','141295',753),('2012-01-05 18:21:00','141290','141410','141285','141390',921),('2012-01-05 18:24:00','141390','141445','141325','141445',952),('2012-01-05 18:27:00','141435','141495','141380','141435',636),('2012-01-05 18:30:00','141445','141445','141305','141390',1317),('2012-01-05 18:33:00','141385','141420','141360','141390',340),('2012-01-05 18:36:00','141400','141470','141390','141430',401),('2012-01-05 18:39:00','141440','141500','141385','141455',758),('2012-01-05 18:42:00','141475','141650','141465','141555',1495),('2012-01-05 18:45:00','141540','141590','141465','141500',747),('2012-01-05 18:48:00','141500','141525','141470','141500',440),('2012-01-05 18:51:00','141500','141535','141500','141535',293),('2012-01-05 18:54:00','141530','141540','141455','141480',503),('2012-01-05 18:57:00','141475','141520','141470','141500',339),('2012-01-05 19:00:00','141495','141835','141495','141615',3592),('2012-01-05 19:03:00','141610','141670','141575','141650',476),('2012-01-05 19:06:00','141650','141745','141540','141575',1483),('2012-01-05 19:09:00','141580','141600','141550','141600',420),('2012-01-05 19:12:00','141600','141640','141560','141585',339),('2012-01-05 19:15:00','141570','141585','141455','141530',995),('2012-01-05 19:18:00','141530','141530','141400','141410',857),('2012-01-05 19:21:00','141415','141440','141365','141400',592),('2012-01-05 19:24:00','141390','141500','141350','141385',985),('2012-01-05 19:27:00','141395','141405','141180','141185',1741),('2012-01-05 19:30:00','141180','141320','141130','141190',1457),('2012-01-05 19:33:00','141205','141220','141160','141165',637),('2012-01-05 19:36:00','141170','141170','141000','141085',2961),('2012-01-05 19:39:00','141070','141135','141040','141100',664),('2012-01-05 19:42:00','141100','141200','141085','141125',955),('2012-01-05 19:45:00','141125','141160','140820','140930',2692),('2012-01-05 19:48:00','140930','141000','140850','140995',1464);
/*!40000 ALTER TABLE `test_rts3m` ENABLE KEYS */;
UNLOCK TABLES;

--
-- Table structure for table `test_rts5m`
--

DROP TABLE IF EXISTS `test_rts5m`;
/*!40101 SET @saved_cs_client     = @@character_set_client */;
/*!40101 SET character_set_client = utf8 */;
CREATE TABLE `test_rts5m` (
  `period_time` timestamp NOT NULL DEFAULT CURRENT_TIMESTAMP ON UPDATE CURRENT_TIMESTAMP,
  `open` decimal(12,0) NOT NULL,
  `high` decimal(12,0) NOT NULL,
  `low` decimal(12,0) NOT NULL,
  `close` decimal(12,0) NOT NULL,
  `volume` bigint(20) NOT NULL,
  PRIMARY KEY (`period_time`)
) ENGINE=InnoDB DEFAULT CHARSET=utf8;
/*!40101 SET character_set_client = @saved_cs_client */;

--
-- Dumping data for table `test_rts5m`
--

LOCK TABLES `test_rts5m` WRITE;
/*!40000 ALTER TABLE `test_rts5m` DISABLE KEYS */;
INSERT INTO `test_rts5m` VALUES ('2012-01-05 06:00:00','143345','143345','142700','142855',7840),('2012-01-05 06:05:00','142870','143400','142800','143400',6734),('2012-01-05 06:10:00','143395','143700','143310','143650',7182),('2012-01-05 06:15:00','143665','143850','143430','143530',5998),('2012-01-05 06:20:00','143510','143730','143465','143480',2448),('2012-01-05 06:25:00','143500','143645','143400','143485',3075),('2012-01-05 06:30:00','143470','143550','143445','143495',2008),('2012-01-05 06:35:00','143490','143525','143120','143155',4269),('2012-01-05 06:40:00','143135','143275','143070','143205',4867),('2012-01-05 06:45:00','143210','143340','143115','143230',2188),('2012-01-05 06:50:00','143225','143285','143155','143185',1372),('2012-01-05 06:55:00','143185','143385','143185','143385',2068),('2012-01-05 07:00:00','143385','143385','143075','143220',3939),('2012-01-05 07:05:00','143220','143315','143155','143245',2023),('2012-01-05 07:10:00','143245','143335','142945','142985',3468),('2012-01-05 07:15:00','142990','143095','142880','143035',3461),('2012-01-05 07:20:00','143040','143185','142890','142945',2885),('2012-01-05 07:25:00','142955','143140','142855','143060',3839),('2012-01-05 07:30:00','143060','143175','143030','143135',1693),('2012-01-05 07:35:00','143125','143300','143085','143285',2678),('2012-01-05 07:40:00','143265','143635','143260','143630',6629),('2012-01-05 07:45:00','143605','143795','143585','143670',5934),('2012-01-05 07:50:00','143665','144010','143610','144010',6220),('2012-01-05 07:55:00','144010','144295','143945','144060',12010),('2012-01-05 08:00:00','144060','144180','143775','143980',7681),('2012-01-05 08:05:00','143980','144095','143610','143675',4605),('2012-01-05 08:10:00','143680','143715','143320','143575',7129),('2012-01-05 08:15:00','143575','143670','143380','143595',4210),('2012-01-05 08:20:00','143595','143765','143390','143390',4093),('2012-01-05 08:25:00','143390','143540','142900','142915',7768),('2012-01-05 08:30:00','142930','142960','142255','142610',18943),('2012-01-05 08:35:00','142605','142765','142480','142565',3997),('2012-01-05 08:40:00','142575','142660','142200','142225',5970),('2012-01-05 08:45:00','142225','142350','142005','142100',10883),('2012-01-05 08:50:00','142105','142150','141820','141820',10329),('2012-01-05 08:55:00','141830','142295','141780','141970',8804),('2012-01-05 09:00:00','141955','142190','141800','141895',8238),('2012-01-05 09:05:00','141885','142180','141680','142085',8814),('2012-01-05 09:10:00','142090','142190','141645','141690',8407),('2012-01-05 09:15:00','141690','141875','141600','141660',4979),('2012-01-05 09:20:00','141655','142000','141635','141885',4719),('2012-01-05 09:25:00','141885','141995','141770','141965',2895),('2012-01-05 09:30:00','141965','142130','141785','141880',4610),('2012-01-05 09:35:00','141880','142100','141830','141950',3772),('2012-01-05 09:40:00','141950','142200','141920','142125',3622),('2012-01-05 09:45:00','142125','142170','141655','141690',4066),('2012-01-05 09:50:00','141690','141825','141205','141305',12808),('2012-01-05 09:55:00','141320','141335','140885','140945',9589),('2012-01-05 10:00:00','140950','141165','140950','141050',7100),('2012-01-05 10:05:00','141040','141125','140815','141040',8103),('2012-01-05 10:10:00','141045','141075','140835','140890',3712),('2012-01-05 10:15:00','140895','141030','140680','140865',10939),('2012-01-05 10:20:00','140860','141020','140750','140965',3414),('2012-01-05 10:25:00','140950','141330','140890','141205',5401),('2012-01-05 10:30:00','141220','141270','141035','141075',1992),('2012-01-05 10:35:00','141065','141080','140550','140700',6589),('2012-01-05 10:40:00','140695','140705','140320','140455',8174),('2012-01-05 10:45:00','140455','140560','140170','140500',8625),('2012-01-05 10:50:00','140500','140560','140395','140455',3197),('2012-01-05 10:55:00','140460','140535','140200','140225',4313),('2012-01-05 11:00:00','140250','140475','140110','140435',5704),('2012-01-05 11:05:00','140455','140630','140360','140630',3237),('2012-01-05 11:10:00','140625','140845','140435','140600',8301),('2012-01-05 11:15:00','140600','140610','140320','140400',3198),('2012-01-05 11:20:00','140400','140505','140250','140440',3951),('2012-01-05 11:25:00','140430','140455','140250','140350',3707),('2012-01-05 11:30:00','140350','140435','140175','140230',2753),('2012-01-05 11:35:00','140230','140410','139915','140010',8223),('2012-01-05 11:40:00','140010','140435','139955','140405',5152),('2012-01-05 11:45:00','140360','140420','140250','140355',2617),('2012-01-05 11:50:00','140355','140550','140320','140350',2997),('2012-01-05 11:55:00','140350','140560','140310','140545',2019),('2012-01-05 12:00:00','140545','140565','140290','140400',3417),('2012-01-05 12:05:00','140410','140600','140370','140590',2549),('2012-01-05 12:10:00','140580','140680','140460','140520',3174),('2012-01-05 12:15:00','140520','140600','140295','140420',3030),('2012-01-05 12:20:00','140425','140590','140415','140475',1848),('2012-01-05 12:25:00','140465','140495','140310','140385',4533),('2012-01-05 12:30:00','140380','140495','140360','140420',2182),('2012-01-05 12:35:00','140420','140500','140400','140440',1938),('2012-01-05 12:40:00','140470','140735','140430','140580',4442),('2012-01-05 12:45:00','140575','140600','140460','140495',1754),('2012-01-05 12:50:00','140480','140585','140450','140500',1864),('2012-01-05 12:55:00','140490','140535','140400','140470',1621),('2012-01-05 13:00:00','140455','140455','140180','140275',4827),('2012-01-05 13:05:00','140280','140890','140275','140850',6614),('2012-01-05 13:10:00','140840','140920','140615','140860',3513),('2012-01-05 13:15:00','140855','141455','140730','140795',20394),('2012-01-05 13:20:00','140795','141100','140775','141100',5404),('2012-01-05 13:25:00','141100','141400','141080','141375',7247),('2012-01-05 13:30:00','141375','141805','141105','141285',12399),('2012-01-05 13:35:00','141280','141380','141180','141265',3260),('2012-01-05 13:40:00','141265','141645','141135','141560',6229),('2012-01-05 13:45:00','141540','141715','141400','141540',5450),('2012-01-05 13:50:00','141550','141555','141330','141500',3067),('2012-01-05 13:55:00','141505','141960','141425','141950',9074),('2012-01-05 14:00:00','141925','142170','141745','141915',14735),('2012-01-05 14:05:00','141915','141985','141815','141815',4987),('2012-01-05 14:10:00','141835','141970','141730','141895',3549),('2012-01-05 14:15:00','141890','141935','141650','141660',3190),('2012-01-05 14:20:00','141655','141735','141575','141705',2204),('2012-01-05 14:25:00','141720','141760','141450','141510',3159),('2012-01-05 14:30:00','141515','141730','141315','141505',5836),('2012-01-05 14:35:00','141490','141605','140930','140965',11508),('2012-01-05 14:40:00','140970','140990','140185','140340',16276),('2012-01-05 15:00:00','140490','140780','140210','140570',7062),('2012-01-05 15:05:00','140575','140975','140385','140790',4661),('2012-01-05 15:10:00','140790','140940','140610','140905',3878),('2012-01-05 15:15:00','140895','141030','140720','140795',2788),('2012-01-05 15:20:00','140790','140945','140670','140915',2006),('2012-01-05 15:25:00','140915','141090','140835','140870',2828),('2012-01-05 15:30:00','140890','140920','140725','140800',2222),('2012-01-05 15:35:00','140800','140815','140615','140765',2237),('2012-01-05 15:40:00','140755','140890','140505','140550',2286),('2012-01-05 15:45:00','140535','140745','140480','140625',2073),('2012-01-05 15:50:00','140625','140720','140555','140590',1485),('2012-01-05 15:55:00','140600','140685','140540','140675',1279),('2012-01-05 16:00:00','140665','140955','140580','140905',3990),('2012-01-05 16:05:00','140920','140950','140775','140825',1657),('2012-01-05 16:10:00','140820','140975','140775','140885',1709),('2012-01-05 16:15:00','140885','140935','140685','140715',1631),('2012-01-05 16:20:00','140720','141025','140710','141025',2054),('2012-01-05 16:25:00','141020','141220','141020','141205',3574),('2012-01-05 16:30:00','141215','141335','141100','141155',3127),('2012-01-05 16:35:00','141140','141220','141060','141210',1315),('2012-01-05 16:40:00','141210','141325','141130','141190',1994),('2012-01-05 16:45:00','141200','141255','141130','141175',1329),('2012-01-05 16:50:00','141190','141210','141055','141080',1379),('2012-01-05 16:55:00','141085','141205','141060','141080',1229),('2012-01-05 17:00:00','141095','141175','141070','141105',827),('2012-01-05 17:05:00','141120','141210','141095','141165',906),('2012-01-05 17:10:00','141160','141290','141125','141125',1095),('2012-01-05 17:15:00','141125','141405','141125','141375',2581),('2012-01-05 17:20:00','141370','141385','141105','141185',2720),('2012-01-05 17:25:00','141190','141270','141150','141165',799),('2012-01-05 17:30:00','141170','141195','141115','141125',897),('2012-01-05 17:35:00','141125','141180','141080','141120',624),('2012-01-05 17:40:00','141120','141230','141090','141160',906),('2012-01-05 17:45:00','141165','141300','141160','141245',1420),('2012-01-05 17:50:00','141265','141490','141255','141400',3100),('2012-01-05 17:55:00','141390','141520','141390','141505',1944),('2012-01-05 18:00:00','141505','141745','141450','141480',4167),('2012-01-05 18:05:00','141485','141550','141380','141450',2720),('2012-01-05 18:10:00','141445','141500','141310','141370',1935),('2012-01-05 18:15:00','141375','141410','141285','141310',999),('2012-01-05 18:20:00','141320','141410','141280','141370',1415),('2012-01-05 18:25:00','141370','141495','141325','141435',1391),('2012-01-05 18:30:00','141445','141445','141305','141370',1465),('2012-01-05 18:35:00','141365','141470','141360','141405',684),('2012-01-05 18:40:00','141410','141650','141385','141555',2162),('2012-01-05 18:45:00','141540','141590','141465','141485',1066),('2012-01-05 18:50:00','141495','141540','141480','141495',693),('2012-01-05 18:55:00','141510','141525','141455','141500',563),('2012-01-05 19:00:00','141495','141835','141495','141605',3811),('2012-01-05 19:05:00','141605','141745','141540','141585',1838),('2012-01-05 19:10:00','141585','141640','141550','141585',661),('2012-01-05 19:15:00','141570','141585','141455','141500',1425),('2012-01-05 19:20:00','141495','141510','141365','141435',1287),('2012-01-05 19:25:00','141465','141500','141180','141185',2458),('2012-01-05 19:30:00','141180','141320','141130','141195',1916),('2012-01-05 19:35:00','141180','141220','141000','141110',3294),('2012-01-05 19:40:00','141115','141200','141055','141125',1464),('2012-01-05 19:45:00','141125','141160','140820','140995',4156);
/*!40000 ALTER TABLE `test_rts5m` ENABLE KEYS */;
UNLOCK TABLES;
/*!40103 SET TIME_ZONE=@OLD_TIME_ZONE */;

/*!40101 SET SQL_MODE=@OLD_SQL_MODE */;
/*!40014 SET FOREIGN_KEY_CHECKS=@OLD_FOREIGN_KEY_CHECKS */;
/*!40014 SET UNIQUE_CHECKS=@OLD_UNIQUE_CHECKS */;
/*!40101 SET CHARACTER_SET_CLIENT=@OLD_CHARACTER_SET_CLIENT */;
/*!40101 SET CHARACTER_SET_RESULTS=@OLD_CHARACTER_SET_RESULTS */;
/*!40101 SET COLLATION_CONNECTION=@OLD_COLLATION_CONNECTION */;
/*!40111 SET SQL_NOTES=@OLD_SQL_NOTES */;

-- Dump completed on 2012-01-08 15:19:27
